WORD,count
the ,17638
i ,12609
to ,9352
a ,8933
of ,8910
and ,7631
the,7180
was ,6166
it ,5628
that ,5583
you ,5481
in ,5291
he ,4923
is ,3842
she ,3415
not ,3296
to,3280
had ,3114
of,3020
i,2990
that,2960
my ,2937
his ,2825
as ,2785
at ,2751
have ,2743
and,2720
her ,2655
but ,2581
was,2530
with ,2438
it,2400
a,2340
on ,2286
in,2260
for ,2192
what ,2100
be ,2080
we ,2068
he,1910
poirot ,1902
me ,1863
you,1850
had,1600
been ,1529
there ,1428
mrs. ,1425
very ,1400
said ,1386
one ,1380
not,1380
do ,1357
her,1320
will ,1305
are ,1304
this ,1298
did ,1265
would ,1236
from ,1227
mr. ,1222
no ,1222
an ,1215
by ,1212
she,1150
inglethorp ,1140
were ,1129
up ,1091
is,1090
his,1080
out ,1064
all ,1014
him ,1013
but,1000
so ,993
if ,987
on,980
at,970
have,940
little ,922
could ,921
"yes, ",907
or ,880
as,870
for,860
about ,850
some ,841
john ,782
"no, ",772
it. ,771
your ,766
mrs,760
quite ,742
with,740
inglethorp,730
don't ,729
know ,728
who ,726
been,720
no,710
my,710
has ,699
be,690
into ,684
will,680
miss ,679
which ,677
then ,674
how ,664
poirot,660
they ,658
must ,655
when ,648
me. ,646
by,630
there,630
tell ,625
down ,624
should ,623
"well, ",619
think ,619
him,590
see ,584
did,580
never ,574
am ,559
can ,544
any ,542
"poirot, ",542
"you, ",529
went ,528
what,520
would,520
looked ,518
"oh, ",516
after ,515
rather ,513
good ,511
us ,507
only ,506
like ,505
come ,505
cavendish,500
all,500
"me, ",498
dr. ,492
over ,489
cynthia ,485
came ,482
from,480
say ,476
two ,470
one,470
now ,465
might ,462
who,460
man ,458
sir. ,448
mr,440
room,440
time ,439
inglethorp's ,434
where ,434
made ,429
just ,428
more ,426
take ,425
alfred ,422
this,420
yes,420
me,420
do,420
"said, ",414
so,410
cavendish ,408
took ,407
lawrence ,407
turned ,406
told ,405
nothing ,402
go ,400
old ,394
last ,391
which,390
make ,389
mary ,389
thought ,388
him. ,387
always ,382
something ,382
them ,381
john,380
were,380
through ,372
"it, ",371
said,370
an,370
much ,369
i'm ,363
it? ,360
it's ,359
door ,356
seemed ,352
when,350
great ,344
face ,342
then,340
they,340
"sir, ",340
before ,333
asked ,332
yes. ,332
poirot. ,328
we,320
you. ,319
"then, ",316
evidence,310
could,310
are,310
though ,306
if,300
than ,299
every ,297
most ,295
no. ,294
want ,293
ask ,291
very,290
being ,290
strychnine ,288
too ,288
first ,285
look ,284
few ,284
long ,283
howard ,282
he's ,282
really ,282
"that, ",281
your,280
lawrence,280
other ,279
"and, ",279
believe ,276
own ,275
heard ,274
sure ,273
back ,271
"now, ",271
them,270
up,270
or,270
found,270
shall ,269
going ,269
may ,268
taken ,265
against ,265
does ,262
young ,261
put ,261
strychnine,260
know,260
her. ,259
dorcas ,259
our ,258
cried ,258
head ,256
can't ,255
still ,251
these ,250
prisoner,250
bauerstein ,249
such ,246
"inglethorp, ",244
here ,241
now,240
think,240
quite,240
got ,234
right ,234
"cavendish, ",233
"him, ",233
left ,232
mon ,232
house ,232
until ,231
gave ,231
poirot's ,230
out,230
its ,230
way ,229
help ,227
once ,225
you? ,222
room. ,221
must,220
all. ,220
about,220
eyes ,220
anything ,218
off ,216
found ,216
thing ,216
monsieur ,215
whole ,214
looking ,214
yet ,214
"moment, ",213
saw ,213
howard,210
into,210
their,210
sir,210
cynthia,210
say,210
little,210
time,210
before,210
friend,210
mademoiselle,210
suddenly ,209
voice ,208
"here, ",207
inglethorp. ,206
having ,205
so. ,204
that's ,203
certain ,203
fact,200
letter,200
miss,200
inglethorp's,200
replied ,199
shook ,197
idea ,197
us. ,195
john. ,195
"course, ",194
"john, ",193
dear ,193
let ,192
room ,192
"still, ",192
after,190
"but, ",190
against,190
has,190
styles ,190
find ,190
never,190
i've ,189
coroner ,189
almost ,188
another ,188
away ,188
those ,187
why ,187
there's ,187
moment ,186
"ah, ",186
next ,185
poor ,184
only,180
can,180
husband,180
mary,180
because ,179
well ,179
head. ,179
"howard, ",178
seen ,177
didn't ,176
words ,176
mind ,176
"so, ",175
himself ,175
under ,174
isn't ,173
"is, ",172
"dorcas, ",171
see,170
alfred,170
case,170
might,170
two,170
door,170
made,170
suppose ,169
day ,168
drew ,167
"friend, ",167
"room, ",167
across ,167
"her, ",167
cavendish. ,166
myself ,166
round ,166
now. ,165
evidence ,164
case ,163
enough ,162
first,160
don't,160
place ,160
last,160
know. ,160
some,160
idea,160
asked,160
more,160
still,160
ernest,160
again,160
should,160
taken,160
ever ,158
certainly ,158
said. ,157
that? ,157
upon ,157
felt ,156
course ,156
friend ,155
hand ,155
what? ,154
again. ,153
perhaps ,152
"hastings, ",152
why,150
styles,150
passed ,150
way,150
man,150
monsieur,150
remember,150
known ,149
village ,149
woman ,148
between ,148
anyone ,148
herself ,148
followed ,146
"know, ",144
howard. ,143
fellow ,142
"why, ",142
that. ,141
you're ,141
"see, ",141
take,140
remarked ,140
crime,140
between,140
being,140
how,140
walked ,140
well,140
come,140
same ,140
cynthia. ,140
other,140
nothing,140
i'd ,139
fact ,139
"morning, ",139
coffee ,139
called ,138
remember ,138
door. ,138
ah! ,138
"however, ",137
night. ,135
window ,135
possibility ,134
remembered ,133
evelyn ,132
poison ,132
way. ,132
since ,131
lady ,131
not. ,130
dorcas,130
paper,130
near ,130
asked. ,130
once,130
destroy,130
went,130
ami,130
mon,130
mother ,129
matter ,129
face. ,129
probably ,128
here. ,128
key ,127
faint ,127
need ,127
nodded ,127
new ,125
gone ,123
pretty ,123
mind. ,123
mean ,123
call ,123
emily ,122
continued ,122
"not, ",121
keep ,121
done ,121
leave ,121
things ,121
surely ,121
cocoa ,121
"one, ",121
night ,121
took,120
better ,120
down,120
possible ,120
most,120
am,120
question,120
where,120
bad ,120
called,120
find,120
too,120
hardly ,120
coffee,120
friend. ,120
open ,119
rose ,119
both ,118
thank ,118
arrested ,116
"all, ",115
time. ,114
do. ,114
won't ,114
murder ,113
hastings. ,113
not? ,113
"way, ",113
"say, ",113
taking ,112
show ,112
"asked, ",112
"hand, ",112
couldn't ,112
question ,111
"window, ",111
wish ,111
met ,111
green ,111
japp ,111
upon,110
knew ,110
piece ,110
o'clock,110
saw,110
than,110
them. ,110
stood ,110
came,110
expression ,110
table,110
thought,110
kept ,110
hall ,110
done,110
later,110
locked ,110
mind,110
night,110
since,110
discovered,110
"in, ",109
manner ,109
wilkins ,109
give ,108
yesterday ,108
mademoiselle ,107
struck ,106
black ,106
me? ,106
wasn't ,105
voice. ,105
nodded. ,105
out. ,104
interrupted ,104
"time, ",104
then? ,103
far ,103
i'll ,103
bauerstein. ,103
set ,103
suggested ,103
in. ,103
standing ,103
up. ,103
stared ,103
coming ,102
speak ,102
death ,102
you've ,102
everything ,102
entered ,102
sign ,102
reason ,102
see. ,102
explained ,102
"out, ",102
sat ,101
opened ,101
their ,101
hear ,101
bolted ,101
half ,101
person ,101
john's ,100
understand,100
much,100
early ,100
chemist's,100
"man, ",100
suspicion,100
day,100
wife,100
entered,100
together,100
own,100
remained ,100
brought,100
house,100
bring ,100
put,100
head,100
people ,100
over,100
exactly,100
happened ,100
afternoon. ,99
wells ,99
wife ,99
off. ,97
doing ,96
hands. ,96
even ,95
mean? ,95
"there, ",95
inglethorp? ,94
side ,94
heart ,94
different ,94
right. ,94
"cynthia, ",94
able ,94
so? ,93
important ,93
without ,93
"mary, ",93
glanced ,93
soon ,93
word ,93
whom ,93
well. ,93
realized ,92
"ami, ",92
slowly ,92
brought ,92
outside ,92
doctor ,92
smiled. ,92
likely ,91
stepped ,91
"us, ",91
forget ,91
finally ,91
table ,91
dark ,91
hand-writing,90
already,90
ran ,90
possible,90
myself,90
long,90
thing,90
back,90
may,90
shook,90
means,90
quarrel ,90
love,90
bromide,90
hand,90
until,90
us,90
yet,90
court,90
any,90
annie ,90
having,90
because,90
knew,90
old,90
make,90
mean,90
these,90
ah,90
mistress ,90
believe,90
bed ,90
same,90
quarrel,90
candle ,90
small ,90
just,90
suddenly,90
father ,87
top ,87
"right, ",87
paper ,86
"once, ",86
you'll ,85
towards ,85
myself. ,85
scotland ,85
yard ,85
fine ,85
else ,84
"mind, ",84
"hall, ",84
trying ,84
used ,84
following ,84
"again, ",84
notice ,84
minutes ,84
"tea, ",84
there. ,84
burst ,84
"styles, ",84
poirot? ,84
exactly ,83
once. ,83
"lawrence, ",83
tried ,83
"was, ",83
turning ,83
kind ,83
broke ,83
handed ,83
drawn ,83
detectives ,83
cannot ,83
"them, ",83
"away, ",83
nor ,83
hand. ,82
"door, ",82
seems ,82
"case, ",82
"up, ",82
peculiar ,82
eye ,82
poirot! ,82
late ,82
given ,82
cup ,81
afraid ,81
boudoir ,81
"bed, ",81
clear ,81
lock ,81
six ,81
curious ,81
under,80
moment,80
far,80
prisoner's,80
something,80
away,80
seen,80
minutes,80
eyes,80
words,80
right,80
such,80
bottle,80
medicine,80
afternoon,80
great,80
favour,80
acquitted,80
matter,80
part,80
through,80
home,80
cried,80
clever,80
philips,80
1,79
well? ,77
we've ,77
sudden ,77
hold ,77
instinct ,77
day. ,76
doubt ,76
"perhaps, ",76
sort ,76
tea ,76
whether ,76
observed ,76
wonder ,76
utterly ,76
morning. ,76
ordinary ,75
itself ,75
said: ,75
together ,75
sorry ,75
shoulders. ,75
bit ,75
again ,75
"together, ",75
asking ,75
answered ,75
shrugged ,75
"house, ",75
murmured ,74
feel ,74
fell ,74
"thing, ",74
started ,74
real ,74
"this, ",74
"remember, ",74
minute ,74
least ,74
seem ,74
forgotten ,74
natural ,74
home ,74
turn ,74
one. ,73
reached ,73
married ,73
inquest ,73
evening ,73
husband ,73
point ,73
mother's ,73
swept ,73
"think, ",73
dorcas. ,73
"voice, ",73
further ,73
somewhat ,73
man's ,73
years ,73
get ,73
days ,73
violent ,73
fresh ,72
several ,72
lawyer ,72
she's ,72
five ,72
house. ,72
jury ,72
keys ,72
surprise,70
voice,70
madame,70
tragedy,70
village,70
poison,70
beard,70
piece,70
tried,70
its,70
whether,70
course,70
therefore,70
sent,70
17th,70
certainly,70
evening,70
possibly,70
sure,70
our,70
heavywether,70
fragment,70
anyone,70
gave,70
leave,70
brother,70
jury,70
person,70
himself,70
good,70
arrested,70
left,70
every,70
woman,70
link,70
told,70
trial,70
note,70
alone,70
it! ,69
yes? ,68
affair ,68
"suddenly, ",67
intense ,67
interest ,67
do? ,67
away. ,67
"day, ",67
then. ,67
full ,67
why? ,67
straight ,66
"indeed, ",66
hospital ,66
enough. ,66
merely ,66
ought ,66
rest ,66
leaving ,66
nothing. ,66
yourself ,66
present. ,66
occurred ,66
prove ,66
big ,66
obliged ,66
about. ,66
poisoned ,66
surprise ,66
staring ,66
naturally ,66
behind ,66
here? ,66
subject ,66
"face, ",66
"paper, ",66
"two, ",65
"too, ",65
perfectly ,65
whose ,65
drove ,65
opening ,65
appeared ,65
quiet ,65
lot ,65
"i, ",65
morning ,65
already ,65
will. ,65
exactly. ,65
men ,65
making ,65
was. ,65
much. ,65
stairs. ,64
good. ,64
absolutely ,64
war ,64
monday ,64
written ,64
many ,64
thoughtfully. ,64
cavendish's ,64
cavendish? ,64
chemist's ,64
telling ,64
this. ,64
gravely. ,64
sharp ,64
noticed ,64
whilst ,64
laid ,64
read ,64
also ,63
wanted ,63
held ,63
lost ,63
white ,63
possibly ,63
moments ,63
salt ,63
smiled ,63
o'clock ,63
monday,60
murder,60
june,60
inquest,60
spot,60
place,60
herself,60
those,60
six,60
admitted,60
quickly,60
facts,60
yourself,60
like,60
examined,60
here,60
drawer,60
coffee-cup,60
i...i,60
"chest, ",60
happiness,60
looked,60
fire,60
spoke,60
guilty,60
written,60
conclusion,60
kept,60
desk,60
does,60
ordered,60
cocoa,60
story,60
rather,60
passed,60
face,60
morning,60
cynthia's,60
slip,60
july,60
shop,60
powders,60
opportunity,60
immediately,60
also,60
few,60
"thought, ",59
getting ,59
business ,59
spite ,59
extra ,59
right? ,59
"japp, ",58
run ,58
been. ,58
relief ,58
dropped ,58
"myself, ",58
haven't ,58
"thoughtfully, ",58
suspect ,58
terrible ,58
funny ,58
caught ,58
"idea, ",57
course. ,57
belgian ,57
wild ,57
"village, ",57
back. ,57
stopped ,57
poisoning ,57
perfect ,57
hastings? ,57
"much, ",57
howard's ,57
wait ,57
lowered ,57
eyes. ,57
conversation ,57
tadminster. ,57
"strychnine, ",57
too. ,57
often ,57
"cried, ",57
true. ,57
bauerstein's ,57
smiling. ,57
window. ,57
realize ,57
flung ,57
done. ,57
name ,57
hadn't ,56
convinced ,56
"beard, ",56
makes ,56
trouble ,56
anxious ,56
cleared ,56
leant ,56
french ,56
himself. ,56
repeated ,56
"household, ",56
hours ,56
altogether ,56
"come, ",56
"bauerstein, ",56
mine. ,56
simply ,56
cynthia's ,56
"hands, ",56
excited ,56
answer ,56
truth ,56
greatest ,56
miles ,56
sense ,56
afternoon ,56
strange ,56
"contrary, ",56
point. ,56
"did, ",56
work ,56
poisons ,56
slight ,56
charming ,56
position ,56
front ,56
briskly ,56
tragedy. ,56
fool ,55
"word, ",55
silence. ,55
matters ,55
death. ,55
consider ,55
excuse ,55
"evie, ",55
figure ,55
four ,55
pointed ,55
"believe, ",55
sleeping ,55
pleasant ,55
life ,55
"eyes, ",55
man. ,55
hall. ,55
send ,55
unusually ,55
watched ,55
saying ,55
papers. ,55
styles. ,55
deep ,55
"though, ",55
meet ,55
habit ,55
famous ,55
arms ,55
presence ,55
wife. ,55
led ,55
extraordinary ,55
obviously ,55
explain ,55
leastways ,55
case. ,55
usually ,55
mere ,55
speaking ,55
sitting ,55
sharply. ,55
remarked. ,55
"will, ",55
points ,54
carefully ,54
three ,54
hands ,54
confess ,54
coffee. ,54
hard ,54
"o'clock, ",54
allow ,54
appear ,54
raised ,54
say. ,54
symptoms ,54
poured ,54
boudoir. ,54
scrap ,54
mace ,54
large ,54
waiting ,54
"coffee, ",54
suspicion ,54
difficult ,54
startled ,54
"had, ",54
answer,50
clear,50
realized,50
show,50
cavendish's,50
prove,50
witness,50
heard,50
mother,50
able,50
silence,50
cleared,50
both,50
chance,50
cup,50
committed,50
happened,50
stepmother,50
police,50
consequence,50
many,50
really,50
manner,50
forced,50
dr,50
go,50
account,50
delay,50
witnesses,50
tell,50
denied,50
off,50
probably,50
proceedings,50
raikes,50
given,50
parcel,50
japp,50
parkson's,50
prosecution,50
defence,50
believed,50
goes,50
annie,50
anything,50
wing,50
remembered,50
leaving,50
looking,50
give,50
gone,50
things,50
likely,50
whole,50
another,50
nodded,50
new,50
murderer,50
perhaps,50
dare,50
produced,50
meant,50
declared,50
bedroom,50
scandal,50
speaking,50
almost,50
different,50
certain,50
minute,50
"bolted, ",49
studied ,49
particular ,49
message ,49
showed ,49
tuesday ,49
"surprise, ",49
decided ,49
5,49
well-known ,49
quietly. ,49
goes ,49
questions. ,48
"arm, ",48
expected ,48
flashed ,48
gentleman ,48
understand ,48
somebody ,48
feeling ,48
brown ,48
"good, ",48
walking ,48
began ,48
gently ,48
impossible! ,48
careful. ,48
lawrence. ,48
strolled ,48
excellent ,48
doesn't ,48
quietly ,48
certainly. ,48
lawrence's ,48
"before, ",48
arrest ,48
curiosity. ,48
remain ,48
"monday, ",48
heavens! ,48
london ,48
say? ,48
spread ,48
fancy ,48
live ,48
wrong. ,48
start ,47
fond ,47
strike ,47
"true, ",47
part ,47
working ,47
two. ,47
ami. ,47
entirely ,47
lay ,47
comes ,47
fifteen ,47
aroused ,47
know? ,47
died ,47
walk ,47
come. ,47
"kind, ",47
clever ,47
unable ,47
"night, ",47
enigmatical ,47
you'd ,47
wished ,47
happen ,47
alone ,47
end ,47
fast ,47
matter? ,47
nearly ,47
use ,47
hesitated. ,47
nervous ,47
arrived ,47
attention ,47
sure. ,46
sight ,46
today. ,46
private ,46
she'd ,46
nature ,46
manner. ,46
fancied ,46
direction ,46
aunt ,46
light ,46
importance. ,46
be? ,46
"anyway, ",46
question. ,46
hang ,46
fit ,46
life. ,46
"last, ",46
closed ,46
"on, ",46
remember. ,46
floor ,46
"understand, ",46
evidently ,46
each ,46
flower ,46
fire ,46
out: ,46
"gravely, ",46
spoke ,46
second ,46
"words, ",46
opinion ,46
"do, ",46
medicine ,46
witnesses ,46
upset. ,46
mistaken. ,46
twice ,46
spot ,46
go. ,46
lodge ,46
murmured. ,46
surprised ,46
"letter, ",46
cut ,46
"afternoon, ",46
cried. ,46
introduced ,46
suspected ,46
country ,46
proceeding ,46
seeing ,46
matter. ,46
what's ,46
dying ,46
girl ,46
sound ,46
forward ,46
added ,46
discovered ,46
running ,46
either ,46
placed ,46
purple ,45
"later, ",45
trust ,45
later. ,45
"ago, ",45
fear ,45
manning ,45
letters ,45
inclined ,45
grease ,45
write ,45
fixed ,45
could. ,45
"boudoir, ",45
says ,45
doctors ,45
secret ,45
"despatch-case, ",45
shaking ,45
low ,45
motor ,45
coroner's ,45
dismissed ,45
present ,45
shadow ,45
suggestion ,45
summerhaye ,45
later ,45
mine ,45
writing ,45
last. ,45
less ,45
desk ,45
events ,45
administered ,45
explanation ,45
hot ,45
bunch ,45
pass ,45
remembering,40
mantel-piece,40
remarked,40
extra,40
across,40
rest,40
bauerstein,40
questions,40
naturally,40
bell,40
john's,40
terrible,40
either,40
hearing,40
aside,40
charge,40
boudoir,40
everything,40
mistress,40
earlier,40
convinced,40
remain,40
card,40
making,40
hoped ,40
notice,40
top,40
phial,40
need,40
message. ,40
this: ,40
observed,40
cannot,40
pair,40
black,40
hidden,40
during,40
correct,40
speak,40
poisoned,40
fell,40
nearly,40
look,40
along,40
hands,40
week,40
bed,40
cross-examination,40
lay,40
replied,40
hurries,40
seven,40
mother-in-law,40
thing. ,40
held,40
vase,40
carefully,40
evelyn,40
overheard,40
anxious,40
satisfied,40
conversation,40
afterwards,40
second,40
paused ,40
guess,40
quietly,40
behind,40
register,40
cups,40
else,40
lady,40
death,40
hours,40
destroying,40
window,40
produce,40
next,40
handed,40
alibi,40
bowed,40
extremely,40
opened,40
destroyed,40
following,40
bring,40
suppose,40
rushed,40
honest ,40
forward,40
financial,40
jealousy,40
continued,40
carpet,40
smiled,40
aware,40
narcotic,40
risk,40
box,40
occurred,40
interest,40
pride,40
discovery,40
attention,40
deceased,40
call,40
perfectly,40
guilt,40
disguised,40
exception ,39
crime ,39
times ,39
moment. ,39
cool ,39
4,39
nobody ,39
"wrong, ",39
opportunity ,39
fellow. ,39
husband? ,39
earth ,39
he'd ,39
capable ,39
there? ,39
"breakfast, ",39
absurd ,39
"more, ",39
him? ,39
kind. ,39
talking ,39
suspicions ,39
they've ,39
world. ,39
tells ,39
oh! ,39
wants ,39
favour. ,38
bauerstein! ,38
laugh ,38
hoping ,38
believe. ,38
past ,38
sample ,38
dorcas's ,38
agitated ,38
"for, ",38
awkward ,38
"doubt, ",38
poison. ,38
"nothing, ",38
kindly ,38
tiny ,38
"added, ",38
moment's ,38
exclaimed. ,38
lively ,38
yes; ,38
deal ,38
place. ,38
guess ,38
blood ,38
lot. ,38
buried ,38
apparently ,38
locked? ,38
murder. ,38
beard ,38
sprang ,38
red ,38
be. ,38
waited ,38
doctor's ,38
yours ,38
puzzled. ,38
thoughts ,38
think? ,38
ami? ,38
next. ,38
"earnestly, ",38
pleased ,38
bitter ,38
greatly ,38
"look, ",38
object ,38
stand ,38
criminal ,38
cupboard. ,38
glad ,38
deadly ,38
st. ,38
fully ,38
impatiently. ,38
neither ,38
"truth, ",38
same. ,38
eye. ,38
stuck ,38
reflected. ,38
sooner ,38
rang ,37
scandal ,37
thinking ,37
preferred ,37
drug ,37
dreadful ,37
playing ,37
described ,37
tragedy ,37
"beautiful, ",37
understood ,37
saucepan ,37
evidence. ,37
voices ,37
appearance ,37
him! ,37
something. ,37
murdered ,37
money ,37
"place, ",37
member ,37
"first, ",37
wondered ,37
all? ,37
hesitated ,37
"evening, ",37
hope ,37
men. ,37
"matter, ",37
lack ,37
tone ,37
"certainly, ",37
"fact, ",37
money. ,37
dead ,37
inquest. ,37
beside ,37
doors ,37
inside. ,37
car ,37
lived ,37
glancing ,37
did. ,37
ever. ,37
"off, ",37
changed. ,37
before. ,37
evening? ,37
along ,37
rotten ,37
me! ,37
leading ,37
aside ,37
conceal ,37
"exactly, ",37
way? ,37
produced ,37
"woman, ",37
reply. ,37
official ,37
label ,37
"suppose, ",37
occasionally ,37
addressed ,37
attention. ,37
questions ,37
hurried ,37
facts ,37
type ,37
"mademoiselle, ",37
curiously. ,37
sold ,37
"lady, ",37
"also, ",37
watching ,37
shock ,37
short ,37
"pity, ",37
above ,37
bien! ,37
proved ,37
eh ,37
examine ,37
except ,37
eagerly. ,37
"alas, ",37
actually ,37
here's ,37
public ,37
idea. ,37
on. ,37
bottle ,37
thought. ,37
dare ,37
hercule ,37
husband. ,36
tea. ,36
supper ,36
wears ,36
hastings ,36
"tadminster, ",36
examined ,36
"wells, ",36
finished ,36
room? ,36
"years, ",36
coroner. ,36
try ,36
"lawyer, ",36
unusual. ,36
"home, ",36
plain ,36
"coroner, ",36
family ,36
murdoch ,36
drawing-room. ,36
"clothes, ",36
tonic ,36
envelope ,36
natural. ,36
detective ,36
difficulty ,36
story ,36
years. ,36
brief ,36
forgive ,36
upstairs ,36
close ,36
overheard ,36
been? ,36
"yet, ",36
various ,36
medical ,36
pain ,36
grew ,36
fragment ,36
listening ,36
causing ,36
night? ,36
answered: ,36
fairly ,36
"along, ",36
lips. ,36
called. ,36
gesture ,36
sent ,36
o'clock. ,36
vague ,36
recalled ,36
news ,36
picked ,36
proceeded ,36
"manning, ",36
wife's ,36
examination ,36
fortune ,36
result ,36
shut ,36
sank ,36
dressed ,36
"floor, ",36
despatch-case ,36
witness ,36
agree ,36
bolt ,36
understand. ,36
wrote ,36
local ,36
lifted ,36
"girl, ",36
expressive ,36
impression ,36
box ,36
below,30
concerned,30
excitement,30
stain,30
inherit,30
view,30
danger,30
known,30
open,30
green,30
pale,30
get,30
statement,30
women,30
drugged,30
determined,30
neither,30
cared ,30
safe,30
messieurs,30
plan,30
entirely,30
jealous,30
lock,30
hoped,30
light,30
despatch-case,30
stood,30
england,30
dock,30
force,30
let,30
sat,30
unusually,30
people,30
famous,30
wrong ,30
hold,30
concealed,30
quick,30
direct,30
duly,30
judge,30
administered,30
state,30
ideas ,30
identical,30
exclaimed,30
shall,30
begin,30
money,30
expressive,30
husband's,30
drank,30
deceased's,30
mistaken,30
suspecting ,30
examine,30
persons,30
purchased,30
stamps,30
directed,30
careful,30
believed ,30
mere,30
grate,30
round,30
caught,30
anonymous,30
low,30
reasons,30
while,30
counsel,30
throw,30
shot,30
fingers,30
unscrupulous,30
tadminster,30
fresh,30
truth,30
returned,30
doubt,30
broken,30
occasion,30
angrily,30
writes,30
fatal,30
alters ,30
five,30
year,30
several,30
early,30
sheet ,30
actually,30
intrigue,30
contents,30
kind,30
subject,30
didn't,30
hour,30
vehemence ,30
hydro-chloride,30
thinking. ,30
kissed,30
word,30
particular,30
fatal ,30
lie,30
decide,30
wardrobe,30
dear,30
addressed,30
impossible,30
greater,30
arrived,30
book,30
finger-marks ,30
postmark,30
wales,30
women ,30
serious,30
can't,30
wrong,30
precision,30
reason,30
"madame, ",30
thump,30
interesting ,30
large,30
placed,30
servants,30
whilst,30
going,30
though,30
protested,30
peace,30
began,30
trouble,30
happened. ,30
completely,30
dose,30
life,30
29th,30
third,30
containing,30
unless,30
taking,30
discover,30
missing,30
mother's,30
underclothing,30
wanted,30
household,30
chair,30
indeed,30
cards,30
suspect,30
2,30
eh,30
houses,30
searched,30
gravely,30
books,30
rose,30
received,30
proceeded,30
absence,30
outside,30
event,30
ôçô,30
poirot's,30
ample,30
lighted,30
bolted,30
ernest's,30
instead,30
woman's,30
accordingly,30
poor,30
"about, ",30
wished,30
highly ,30
tapped ,30
laid,30
strenuously,30
document,30
obviously,30
paused,30
explained,30
hates ,30
saying,30
passage,30
name,30
short,30
yourself. ,30
end,30
nevertheless,30
hastings,30
lunch ,30
conceived,30
unlocked,30
gasped. ,30
building,30
busily,30
contrary,30
arose,30
tuesday,30
plain,30
point,30
war,30
keep,30
slowly,30
mixture,30
wells,30
beautiful ,29
unexpected ,29
"bell, ",29
friend? ,29
child. ,29
"eagerly, ",29
analysed. ,29
"care, ",29
"really, ",29
shape ,29
rumours ,29
suddenly. ,29
describe ,29
"round, ",29
looked. ,29
becoming ,29
murmuring ,29
service. ,29
added: ,29
true ,29
astonishment. ,29
one? ,29
wore ,29
brave ,29
"continued, ",29
wise ,29
laughed. ,29
"part, ",29
"mean, ",29
"possible, ",29
"reply, ",29
smile ,29
admit ,29
wondering ,29
mistake. ,29
act ,29
means ,29
knows ,29
stay ,29
world ,29
there! ,29
together. ,29
considered ,29
woods ,29
mysterious ,29
cottage. ,29
bear ,29
"nodded, ",29
advice. ,29
mad ,29
positively ,29
"little, ",29
"minute, ",29
servants. ,29
trace ,29
"quietly, ",29
"forward, ",29
keeping ,29
high ,29
chest ,29
hint ,29
care ,29
see! ,29
pay ,29
ally. ,29
one's ,29
draw ,29
table. ,29
duty ,29
is? ,29
vexed ,29
significance. ,29
burnt ,29
wouldn't ,29
breath ,29
feet ,29
mention ,29
possessed ,29
on: ,29
move ,29
provided ,29
beastly ,29
thankful ,29
exclamation ,29
delighted ,28
too? ,28
afterwards. ,28
belgians ,28
finished. ,28
weather ,28
"lunch-time, ",28
twenty ,28
evening. ,28
grey ,28
excited. ,28
i? ,28
monstrous ,28
fact? ,28
believe? ,28
again? ,28
jumped ,28
for. ,28
"monsieur, ",28
astonishing ,28
practiced ,28
tennis ,28
wire ,28
"confidence, ",28
tomorrow ,28
cocoa. ,28
hurriedly ,28
post-mortem. ,28
words. ,28
confusion. ,28
efforts ,28
"decidedly, ",28
necessary ,28
"ill, ",28
mace. ,28
tossed ,28
first. ,28
murmur ,28
received ,28
car. ,28
names ,28
blotting ,28
important. ,28
smile. ,28
"usual, ",28
raikes ,28
arrested? ,28
anger. ,28
hour. ,28
blurted ,28
broad ,28
recognize ,28
ten ,28
ami! ,28
wicked ,28
"table, ",28
abruptly. ,28
cry ,28
"opinion, ",28
break ,28
returned ,28
aware ,28
can. ,28
unless ,28
roused ,28
precisely. ,28
asked: ,28
shy ,28
arrested. ,28
chair ,28
gloomily. ,28
moved ,28
fetch ,28
curiosity ,28
course! ,28
printed ,28
inside ,28
gathered ,28
gardener ,28
"unfortunately, ",28
quickly ,28
dispensary. ,28
knock ,28
they're ,28
met. ,28
knowledge ,28
laughed ,28
earlier ,28
else. ,28
gates ,28
beard. ,28
examining ,28
"coffee-cups, ",28
valuable ,28
more. ,28
aside. ,28
bowed ,28
pair ,28
voice: ,28
finger ,28
lying ,28
gentlemen ,28
"papers, ",28
us? ,28
dress? ,28
cautiously ,28
whispered. ,28
upstairs. ,28
follow ,28
he? ,28
crime. ,28
possible. ,28
least. ,28
say! ,28
now? ,28
approaching ,28
couple ,28
arm. ,28
bauerstein? ,28
"hesitated, ",28
accosted ,28
spoken ,28
"because, ",28
passing ,28
"called, ",28
general ,28
father's ,28
change. ,28
swiftly ,28
"rule, ",28
colour ,28
atmosphere. ,28
welcome ,28
unfair ,28
friends ,28
deny ,28
mater's ,28
breakfast ,28
"fellow, ",28
importance? ,28
beg ,28
respect ,28
japp. ,28
police ,28
anything. ,28
disappointed ,28
amount ,28
taste ,28
members ,28
violently ,28
committed ,28
stylites ,28
bed? ,28
itself. ,28
explained. ,28
doubt. ,28
poison? ,28
stiff ,28
woman's ,28
fly ,28
business. ,28
"crime, ",28
cocoa? ,28
dryly. ,28
seized ,28
stiffness ,28
pardon ,28
"inglethorp's, ",28
english ,28
strychnine. ,28
"manner, ",27
"sleeper, ",27
"candle, ",27
"conversation, ",27
presence. ,27
"point, ",27
clearly ,27
audible ,27
"risk, ",27
curiously ,27
gone. ,27
form ,27
sir; ,27
dining-room. ,27
"which, ",27
"sure, ",27
wilful ,27
missed ,27
greeted ,27
powders. ,27
tangible ,27
"noticed, ",27
"herself, ",27
bright ,27
ashes ,27
"annie, ",27
"wife, ",27
afternoon? ,27
spoke. ,27
character. ,27
strode ,27
scribbled ,27
powder ,27
william ,27
otherwise ,27
wilkins. ,27
warm ,27
expect ,27
heavy ,27
perfectly. ,27
account. ,27
evie? ,27
best ,27
"poison, ",27
whereas ,27
"soon, ",27
"times, ",27
rapid ,27
keen ,27
eight ,27
"stepson, ",27
"question, ",27
boots ,27
jolly ,27
"four, ",27
"three, ",27
"inside, ",27
"death, ",27
generous ,27
"lock, ",27
"box, ",27
purchased ,27
"himself, ",27
distinctly ,27
doubted ,27
tray ,27
while ,27
"knees, ",27
drunk ,27
worth ,27
grate ,27
younger ,27
whatever ,27
mistress's ,27
therefore ,27
quarrel? ,27
shortly. ,27
works ,27
lose ,27
betraying ,27
"inquest, ",27
document ,27
you! ,27
village. ,27
watch. ,27
"pocket, ",27
next? ,27
seven ,27
lead ,27
affair. ,27
impossible ,27
wells. ,27
essex ,27
denby ,27
emily! ,27
court ,27
drop ,27
detail ,27
search. ,27
reflected ,27
ate ,27
affected ,27
particularly ,27
eat ,27
permit ,27
kitchen ,27
seen. ,27
excitement. ,27
"mace, ",27
bound ,27
half-past ,27
during ,27
apart ,27
emily. ,27
idea! ,27
"stairs, ",27
joined ,27
foolishly ,27
waves ,27
loud ,27
hastings! ,27
"who, ",27
cases ,27
sigh. ,27
replied. ,27
cheerful ,27
poisoning. ,27
supper. ,27
although ,27
murderer ,27
rapidly ,27
replied: ,27
grain ,27
though. ,27
july ,27
nurse ,27
this? ,27
letter ,27
"deliberately, ",27
slightly ,27
they? ,27
carried ,27
accuse ,27
finding ,27
startled. ,27
lips ,27
herself. ,27
row ,27
have. ,27
spent ,27
momentary ,27
gipsy ,27
recognized ,27
opposite ,27
views ,27
glorious ,27
shouldn't ,27
arm ,27
brother ,27
"wing, ",27
"cottage, ",27
17th ,27
subsequently ,27
raikes's ,27
shoulder ,27
slipped ,27
unknown ,27
state ,27
strychnine? ,27
doctor. ,27
absurd. ,27
bed. ,27
swear ,27
"clear, ",27
rooms ,27
middle ,27
carefully. ,27
"evidence, ",27
awakened ,27
who? ,27
return ,27
"profession, ",27
"salt, ",27
cook ,27
passage ,27
latter ,27
coffee-cup ,27
carrying ,27
awfully ,27
"speak, ",27
straightened,20
terms,20
forehead. ,20
hastily,20
bear,20
summoned,20
opposite,20
departure,20
empty,20
damp,20
monotony ,20
near,20
waste-paper-basket,20
material,20
three,20
middlingham,20
change,20
hydro-chloride ,20
locked,20
drops,20
communicating,20
bolt,20
over-vehement,20
build,20
feeling,20
sits,20
corner,20
waiting,20
telling,20
did! ,20
papers,20
cry,20
wrote,20
half-hour,20
stared,20
theory,20
within. ,20
importance,20
exaggerated,20
shielding,20
important,20
fix,20
company,20
seat,20
aid,20
mother-in-law's,20
arrives,20
lost,20
arranged,20
bringing,20
bien,20
practically,20
steady,20
howard...here,20
realize,20
explain,20
noticed,20
previously,20
keys,20
mesdames,20
quarrels,20
respect,20
solitary,20
days. ,20
sadly,20
violent,20
smiling,20
enters,20
spills,20
stopped,20
late,20
assuredly,20
air,20
accomplice,20
fears,20
hand-writing...carelessly,20
expected,20
finger-prints ,20
testing,20
publicity,20
meeting,20
got,20
3,20
ill,20
recognize,20
significance,20
inquest? ,20
conversation...fragments,20
knows,20
conjectured,20
ideas,20
days,20
apparently,20
angry,20
sooner,20
badly,20
confirmed,20
"finger-marks, ",20
resemblance,20
familiar,20
faced,20
"disappointment, ",20
photographs ,20
problem,20
sound,20
standpoint,20
shake,20
i've,20
spill,20
scene,20
paid,20
relief,20
arms,20
rising,20
7th...the,20
strong,20
finally,20
occurs,20
practiced,20
torn,20
absolutely,20
trick,20
drew,20
met,20
unfortunately,20
amazement,20
criminal,20
turn,20
catch,20
half,20
cupboard ,20
finds,20
triumph ,20
makes,20
ran,20
distress,20
garage,20
tongue ,20
belief,20
reconstruct,20
mary's,20
nobody,20
armlet,20
act,20
land,20
letter. ,20
wife...who,20
4.30,20
without,20
seized,20
bon,20
driven,20
thank,20
matters,20
deny,20
smile,20
friends,20
help,20
young,20
gardeners,20
testified,20
various,20
cross-examined,20
sight,20
unable,20
attitude,20
medical,20
thin,20
strips,20
proof,20
damning,20
quarrelled,20
supposed,20
sold,20
behaviour,20
about? ,20
detective,20
arriving,20
attend,20
there's,20
order,20
downstairs,20
introduce,20
stated,20
housemaid,20
anywhere,20
wilkins,20
oh,20
read,20
equally,20
prescription,20
transparent,20
requested,20
points,20
l,20
assistant,20
better,20
hercule,20
lack,20
chain,20
bottom,20
eventually,20
effectually,20
cause,20
remark,20
simply,20
probability,20
wings,20
nor,20
suspected,20
ears,20
want,20
stepson,20
enough,20
contention,20
poisoning,20
destruction,20
deliberate,20
justice,20
less,20
merely,20
ever,20
deceive,20
c,20
k,20
clue. ,20
pleaded,20
nature,20
astute,20
september,20
once? ,20
chances,20
worse,20
whom,20
lived,20
efforts,20
that's,20
inclined,20
reserve,20
always,20
coming,20
revoked,20
bromides,20
forgotten,20
but...and,20
marriage,20
drawn,20
connect,20
showed,20
carrying,20
bit,20
son,20
luckily,20
benefit,20
bitterly,20
"minutes, ",20
wearing,20
stepmother's,20
ordered ,20
farmer's,20
credit,20
pretty,20
introduced,20
full,20
salt,20
weeks,20
admiration,20
sympathy,20
affair,20
intended. ,20
ferocious,20
wouldn't,20
cousins,20
thoughtfully,20
contained,20
attracted,20
best,20
red,20
secured,20
report,20
caused,20
difficulties,20
followed,20
presence,20
hottest,20
winter,20
feelings,20
hears,20
plenty,20
dispensary,20
cross,20
hurry,20
easier,20
desperate,20
unbolted,20
heavywether's,20
cleverly,20
present,20
interrupted,20
countenance,20
natural,20
wind ,20
"again..."" that",20
others,20
pure,20
hospital,20
yours,20
doctor,20
studied,20
latter,20
sample,20
n...o...i,20
colour,20
fairly,20
removed,20
m'am! ,20
confess,20
remove,20
nerves,20
error,20
dropped,20
events,20
relating,20
accounts,20
difficulty,20
detective-inspector,20
opinion,20
hint,20
confusion,20
trying,20
believes,20
think...surely,20
seem,20
chest,20
medium,20
adjourned,20
floor,20
views,20
grease,20
candle,20
bullying,20
extraordinary,20
work,20
peeped,20
noise,20
summerhaye,20
sentiment,20
unlikely,20
hardly,20
objects,20
heart. ,20
attic,20
deliberating,20
glad,20
decision,20
recovered,20
charred,20
panic,20
clearly,20
even,20
remains,20
drawers,20
mentioned,20
detectives,20
powder,20
white,20
appearance,20
tiny,20
recognized,20
exceedingly,20
similar,20
philosophically,20
safely,20
laughed,20
real,20
fitted ,20
dream. ,20
madame. ,20
detectives. ,20
"annoyance, ",20
"coffee-cup, ",20
giant ,20
rejoined ,20
wish,20
arrest? ,20
moment...which,20
earnestly,20
dorcas! ,20
her? ,20
tcha! ,20
pure ,20
"rapidly, ",20
wing. ,20
dropping ,20
surprised. ,20
equally ,20
meaning ,20
"else, ",20
"concerned, ",20
dispensary ,20
frown ,20
specimen ,20
in? ,20
drifted,20
newspapers ,20
apart,20
ridiculous ,20
either. ,20
household. ,20
dorcas? ,20
"went, ",20
today? ,20
honestly ,20
proud,20
encountering ,20
stiffly. ,20
honour ,20
settles ,20
earth,20
mallet. ,20
ancient ,20
jot ,20
indignantly. ,20
"sigh, ",20
murderess. ,20
no! ,20
loved ,20
sentence ,20
"l., ",20
friend's ,20
"position, ",20
german ,20
pleasing ,20
intelligent. ,20
intelligent ,20
wardrobe. ,20
instincts. ,20
needn't ,20
shake ,20
nod ,20
baize ,20
shall. ,20
croquet ,20
intelligence ,20
magnificent ,20
oho! ,20
"noise, ",20
"lawn, ",20
greatest,20
pausing ,20
world,20
listening,20
gently,20
hushing ,20
beyond ,20
"used, ",20
"nowadays, ",20
really? ,20
"sometimes, ",20
but...but ,20
coldly. ,20
herself...... ,20
future. ,20
prying ,20
"relief, ",20
glance ,20
thinks ,20
worse ,20
"other, ",20
"be, ",20
"going, ",20
car,20
criticize ,20
world's ,20
"h'm, ",20
englishman. ,20
disease. ,20
confessor ,20
talk ,20
talked ,20
says,20
informed ,20
calling ,20
lady's ,20
"jew, ",20
"aside, ",20
gossip ,20
madame ,20
man! ,20
nightmare ,20
"poirot's, ",20
"tuesday, ",20
"confessed, ",20
thrown ,20
admitted ,20
"tested, ",20
love ,20
analysed ,20
inside,20
pursuing ,19
attentively ,19
deduction ,19
knows! ,19
mechanically ,19
corridor ,19
placidly. ,19
seizing ,19
strychnine! ,19
conveyed ,19
"exclaimed, ",19
marvellous ,19
grudge ,19
brains ,19
also. ,19
promised ,19
smoking-room. ,19
reluctantly. ,19
sports ,19
oneself. ,19
lawrence? ,19
heavily ,19
stone. ,19
catch ,19
"surely, ",19
"hullo, ",19
"dense, ",19
"background, ",19
quaint ,19
correct ,19
servants ,19
know...... ,19
ideas. ,19
wringing ,19
crying ,19
likely. ,19
possession. ,19
"arrested, ",19
facts. ,19
"listen, ",19
coat ,19
result. ,19
bury ,19
fuss ,19
"thick, ",19
"shoulder, ",19
hearing ,19
hearts ,19
form. ,19
occupied ,19
pleasantly ,19
vain ,19
excitement ,19
lightly ,19
balcony. ,19
join ,19
paper. ,19
cryptic ,19
jack ,19
sounds ,19
soaked ,19
cross ,19
death? ,19
satisfaction. ,19
shop. ,19
explanations ,19
guess? ,19
seriously. ,19
"impatiently, ",19
obtain ,19
"police, ",19
process ,19
"etc., ",19
hall? ,19
gaping ,19
narrow ,19
answer. ,19
listen. ,19
john! ,19
ago. ,19
soothingly. ,19
sideways ,19
stands ,19
straightened ,19
something? ,19
impossible. ,19
discovery. ,19
objection ,19
"story, ",19
find? ,19
true! ,19
"useful, ",19
"apologies, ",19
subject. ,19
"hour, ",19
circumstances. ,19
simply. ,19
hat ,19
vehement ,19
undisturbed ,19
"fascinated, ",19
on? ,19
commit ,19
why. ,19
satisfied. ,19
howard? ,19
shoulder. ,19
meant ,19
pictures ,19
insisted. ,19
"dear, ",19
silent ,19
earnestly. ,19
john...and ,19
unaware ,19
resumed ,19
absolute ,19
tie ,19
visit ,19
"ways, ",19
evie ,19
begging ,19
connection ,19
park. ,19
garden. ,19
buy ,19
gate ,19
"laughing, ",19
clues. ,19
bolted. ,19
sweet ,19
at. ,19
"saturday, ",19
him...and ,19
voila! ,19
offered ,19
warmly. ,19
knocking ,19
hers. ,19
yawned ,19
peace ,19
"mistake, ",19
"knew, ",19
insist ,19
shouting ,19
down. ,19
advantage ,19
"park, ",19
well-balanced ,19
invited ,19
"walk, ",19
beautiful. ,19
protected ,19
wondered. ,19
"down, ",19
woke ,19
indeed. ,19
park ,19
auburn ,19
hair ,19
strong ,19
learnt ,19
grass ,19
twelve ,19
does. ,19
facing ,19
saying. ,19
final ,19
mean. ,19
perplexed. ,19
shrank ,19
"business, ",19
energetically. ,19
unaccountable ,19
please. ,19
coffee-cups. ,19
"doctor, ",19
clever. ,19
fit. ,19
creating ,19
suspicion. ,19
generally ,19
corner ,19
mare's ,19
dictate ,19
eagerly ,19
nest ,19
fiercely ,19
accordingly ,19
perceive ,19
dr.bauerstein ,19
further. ,19
gather ,19
deliver ,19
see? ,19
"windows, ",19
gleam ,19
agreed ,19
handle ,19
fall ,19
passed. ,19
bolted? ,19
plastered ,19
unsatisfactory. ,19
unpleasant ,19
"accordingly, ",19
inserted ,19
strength ,19
regular ,19
degree. ,19
pleasantly. ,19
heard? ,19
statement ,19
everybody ,19
announced ,19
mind! ,19
minutes' ,19
post. ,19
anyway. ,19
deceived ,19
earlier? ,19
steps ,19
doubtfully. ,19
reasons ,19
devoted ,19
moving ,19
acknowledge ,19
"powder, ",19
dumbfounded. ,19
post ,19
conclusions ,19
mad. ,19
"but...well, ",19
russian ,19
solving ,19
"existence, ",19
search ,19
"says, ",19
decide ,19
"dorcas,' ",19
"grave, ",19
"absurd, ",19
vous ,19
prison ,19
familiar ,19
sort. ,19
regretting ,19
living ,19
instant ,19
spared ,19
refreshed. ,19
wonderfully ,19
exclamation. ,19
guilty ,19
firm ,19
"bent, ",19
ill. ,19
apart. ,19
fashion. ,19
instructions ,19
solicitously. ,19
closely. ,19
nice ,19
"hesitation, ",19
replaced ,19
chap. ,19
old-fashioned ,19
liked ,19
untamed ,19
"mine, ",19
extravagant ,19
"creature, ",19
committed. ,19
"itself, ",19
"found, ",19
damned ,19
wednesday ,19
servant ,19
satisfied ,19
through. ,19
proud ,19
silly ,19
ask? ,19
brain. ,19
downstairs ,19
neatly ,19
cardboard ,19
escape ,19
train ,19
earnestly ,19
"promptly, ",19
play. ,19
match ,19
dead. ,19
considerably ,19
sad. ,19
says: ,19
"present, ",19
dress ,19
shot ,19
restored ,19
bedroom. ,19
thumb ,19
"court, ",19
lawn ,19
acquiesced. ,19
tongue. ,19
stopped. ,19
overdose ,19
appreciated ,19
remarkable ,19
"mistress, ",19
today ,19
connected ,19
reflectively. ,19
urged ,19
persisted. ,19
essex. ,19
step ,19
associated ,19
i. ,19
afresh. ,19
puzzled ,19
"been, ",19
nevertheless ,19
"bright, ",19
undiscovered ,19
"books, ",19
interview ,19
"top, ",19
barely ,19
"spoke, ",19
hide ,19
angry. ,19
chose ,19
feebly ,19
"dresses, ",19
mask ,19
"departure, ",19
abandoned ,19
expression. ,19
"tragedy, ",19
feebly. ,19
recovered ,19
80,19
everywhere ,19
goes. ,19
preceding ,19
attentively. ,19
"drawer, ",19
unlocked ,19
whispered ,19
proofs ,19
however ,19
studying ,19
accepted ,19
experienced ,19
belief ,19
"gentlemen, ",19
aroused. ,19
privately ,18
latch-key. ,18
twisting ,18
explains ,18
effect ,18
append ,18
roll ,18
sigh ,18
breathed ,18
relief. ,18
repeat ,18
neighbouring ,18
inglethorp's. ,18
plan ,18
"juncture, ",18
admirable ,18
scattered ,18
self-control ,18
wake ,18
apparent. ,18
uses ,18
considered. ,18
"excitement, ",18
household ,18
approach ,18
"dark, ",18
proclaimed ,18
heaved ,18
vain. ,18
framework ,18
beneath ,18
"finally, ",18
"yourself, ",18
holding ,18
candle. ,18
coroner...you ,18
pillows. ,18
brother. ,18
"sorry, ",18
inspector ,18
seriously ,18
lawrence! ,18
dusted ,18
investigate. ,18
coarse ,18
helping ,18
tray? ,18
"further, ",18
agitation ,18
planted ,18
"sugar, ",18
"tray, ",18
thoughts. ,18
redder ,18
pulling ,18
wing ,18
"have, ",18
growing ,18
swing ,18
"key, ",18
helplessly. ,18
literally ,18
"desk, ",18
rise ,18
pony-trap. ,18
meet? ,18
petrified ,18
"does, ",18
stern ,18
professional ,18
waved ,18
sister ,18
"mistaken, ",18
wards ,18
pulled ,18
"summerhaye, ",18
cup. ,18
"silence, ",18
ourselves ,18
ami ,18
upset ,18
besides...not ,18
sugar-tongs. ,18
indeed ,18
meeting ,18
side. ,18
moustache ,18
eh? ,18
party. ,18
part. ,18
sympathetically. ,18
elicited ,18
would. ,18
chairs ,18
16th ,18
convenience ,18
"lips, ",18
acted ,18
personal ,18
indulged ,18
breeding ,18
recapitulate ,18
exact ,18
"extraordinary, ",18
ample ,18
busy ,18
suffering ,18
arranging ,18
luncheon ,18
assembled ,18
lie ,18
single ,18
"seven, ",18
think...... ,18
ready ,18
meal ,18
another. ,18
relieved. ,18
neatness ,18
object. ,18
cat's. ,18
cups. ,18
"supper, ",18
attracted ,18
"drawing-room, ",18
moosier. ,18
forced ,18
bargain? ,18
cynthia? ,18
discover ,18
"sense, ",18
taste. ,18
quiet. ,18
"moments, ",18
ushered ,18
fantastic ,18
truly ,18
immediately. ,18
smart ,18
suggestive. ,18
accident? ,18
waste-paper ,18
persons ,18
document. ,18
surrounded ,18
"mantel-piece, ",18
speck ,18
stairs ,18
dust ,18
triumphs ,18
celebrity ,18
stamps ,18
m'm. ,18
sacre! ,18
finish ,18
position. ,18
odd ,18
indifferent ,18
"go, ",18
underwent ,18
cavendish's. ,18
controlling ,18
physiognomy ,18
commented ,18
concern ,18
accounted ,18
puzzles ,18
rising ,18
exhausted ,18
dismiss ,18
impassive ,18
"ever, ",18
chemist ,18
voila ,18
dining-room ,18
former ,18
latch-key ,18
help. ,18
dress. ,18
phraseology ,18
monsieur? ,18
"chair, ",18
"circumstance, ",18
iron. ,18
blotting-paper ,18
careful ,18
"five, ",18
interrupted. ,18
task. ,18
proceed. ,18
wills ,18
lies ,18
note ,18
sealing ,18
test ,18
once! ,18
engaged ,18
authority ,18
relocked ,18
brushing ,18
cumulative ,18
heard. ,18
yesterday. ,18
"interesting, ",18
beds. ,18
"standing, ",18
empty. ,18
"suspect, ",18
destroyed ,18
will? ,18
friday. ,18
god ,18
bestowed ,18
surprised? ,18
willing ,18
purchase ,18
changing ,18
scrutinized ,18
charred ,18
book ,18
gates. ,18
point? ,18
sixth ,18
reading-lamp. ,18
tragic ,18
save ,18
quickly. ,18
putting ,18
despatch-case. ,18
foul ,18
pronounced ,18
empty ,18
quantity ,18
treat ,18
drawers ,18
envelope. ,18
sealed ,18
"carefully, ",18
utmost ,18
entire ,18
length ,18
"long, ",18
"puzzled, ",18
fingers ,18
broken ,18
simplifies ,18
"servants, ",18
unimportant ,18
grateful ,18
handle. ,18
practically ,18
twisted ,18
breathless ,18
floor. ,18
une ,18
precaution ,18
"messieurs, ",18
clue ,18
themselves ,18
explain. ,18
contain ,18
contained ,18
money? ,18
see...... ,18
nettled. ,18
"cup, ",18
agitated. ,18
straightening ,18
observe ,18
"gesture, ",18
dog ,18
"curious, ",18
revoked ,18
prostrated ,18
grief. ,18
dated ,18
love. ,18
knowing ,18
"poisoning, ",18
"keys, ",18
"year, ",18
manifest ,18
bedroom ,18
admirable! ,18
brandy. ,18
"green, ",18
"dead, ",18
probable...i ,18
worked ,18
now! ,18
yesterday? ,18
wave ,18
typical ,18
"mother, ",18
"husband, ",18
"envelope, ",18
"task, ",18
"wilkins, ",18
warned ,18
green? ,18
incredulous ,18
"subject, ",18
pocket ,18
paper...under ,18
bottom ,18
kudos...the ,18
willum. ,18
indicated ,18
lost? ,18
interval ,18
arched ,18
body ,18
"paused, ",18
coffee-cups ,18
"carpet, ",18
speak? ,18
japp's ,18
name? ,18
ridiculous. ,18
subject...but ,18
"mantelpiece, ",18
serious. ,18
violence ,18
around ,18
unlike ,18
dealt ,18
chemists ,18
verdict ,18
powders? ,18
fair ,18
clock ,18
gardeners ,18
strangled ,18
closely ,18
lady. ,18
convulsions ,18
powerless ,18
"sad, ",18
trooped ,18
count ,18
pursued ,18
grave ,18
simultaneously ,18
crossed ,18
bent ,18
none ,18
hesitatingly: ,18
agree. ,18
briskly. ,18
"names, ",18
daylight. ,18
naming ,18
"circumstances, ",18
ingenious ,18
"seated, ",18
"pause, ",18
pray ,18
papers ,18
arguing ,18
"head, ",18
begonias ,18
"publicity, ",18
preliminaries ,18
recently ,18
"imagination, ",18
business-like ,18
calm. ,18
is. ,18
lower ,18
things. ,18
ridiculed ,18
key? ,18
listen! ,18
leered ,18
others ,18
that! ,18
manning. ,18
knowingly. ,18
duplicate ,18
pale. ,18
"silent, ",18
saying: ,18
afterwards? ,18
says. ,18
bell ,18
absence ,18
time? ,18
clearly. ,18
"4.30, ",18
"excited, ",18
exultation ,18
owe ,18
circumstance ,18
resting ,18
jury. ,18
care. ,18
white-haired ,18
lawn. ,18
delightful ,18
wooden ,18
"pleasure, ",18
cushion ,18
possibility. ,18
tadminster ,18
feelings. ,18
"old, ",18
bazaar ,18
watchful ,18
"therefore, ",18
significance ,18
swung ,18
admit. ,18
perhaps. ,18
conviction ,18
mother. ,18
remarriage ,18
tawny ,18
arrangement ,18
well...... ,18
spirit ,18
completely ,18
"today, ",18
own. ,18
woman. ,18
humorous ,18
incidents ,18
flatter ,18
amused ,18
considerable ,18
handsome ,18
keeps ,18
annoyance ,18
grave. ,18
cleverly ,18
v. ,18
a. ,18
d. ,18
murdoch. ,18
widower ,18
conclusive. ,18
plainly. ,18
ground ,18
sceptically. ,18
sit ,18
"grass, ",18
dignity. ,18
mother-in-law? ,18
murder's ,18
forward. ,18
assistant ,18
shop ,18
violently. ,18
sherlock ,18
village? ,18
means. ,18
mould ,18
"seriously, ",18
should. ,18
"detective, ",18
number ,18
family. ,18
"murder, ",18
off? ,18
faintest ,18
easy? ,18
vivid ,18
"form, ",18
"shop, ",18
wretched ,18
apparent ,18
perched ,18
mainly ,18
owing ,18
squire. ,18
albert ,18
"station, ",18
marked ,18
verses ,18
mile ,18
july. ,18
peaceful ,18
"medicine, ",18
purse ,18
endeavoured ,18
slender ,18
hundred ,18
precisely ,18
"companion, ",18
game ,18
sir...of ,18
cousin ,18
newly ,18
beds ,18
thus ,18
too! ,18
knocked ,18
below. ,18
"days, ",18
situation ,18
buying ,18
sets ,18
"gates, ",18
supposition. ,18
out? ,18
coot's ,18
sensible ,18
freely... miserable ,18
"body, ",18
laughing. ,18
glasses ,18
gardening ,18
relinquished ,18
"glasses, ",18
"gloves, ",18
shade ,18
trumped ,18
basket ,18
delicate ,18
arranged ,18
"forty, ",18
grip. ,18
hastings...miss ,18
rushed ,18
wits. ,18
"hers, ",18
guilt? ,18
qualified ,18
cynthia! ,18
"recovered, ",18
checked ,18
inglethorp! ,18
steadily ,18
"milk, ",18
correct. ,18
want. ,18
"are, ",18
evie! ,18
silence ,18
instinctively ,18
"nevertheless, ",18
circumstances ,18
bearded ,18
months ,18
beckoned ,18
returning ,18
when? ,18
refuse ,18
"marriage, ",18
convalescent ,18
tall ,18
mesdames ,18
"back, ",18
"brother, ",18
speak! ,18
cheeks ,18
were? ,18
flush ,18
view ,18
bit. ,18
categorically...almost ,18
enough! ,18
knows. ,18
"evelyn, ",18
crept ,18
unnecessary ,18
fool. ,18
path ,18
"unimportant, ",18
hour ,18
account ,18
penny ,18
we're ,18
warn ,18
outside. ,18
swallowed ,18
elapsed ,18
waste ,18
spelt ,18
theory ,18
outwardly ,18
stiffened. ,18
mother-in-law's ,18
air ,18
lord ,18
possessed' ,18
whisper. ,18
force ,18
they'll ,18
mater ,18
dinner ,18
agreed. ,18
open. ,18
ended ,18
"locked, ",18
"even, ",18
melancholy ,18
grimace. ,18
changed ,18
stayed ,18
expressed ,18
course...... ,18
clean-shaven ,18
sounded ,18
it'll ,18
saved,10
mask,10
somewhere,10
blow,10
prevent,10
fool,10
resolute,10
enlisting,10
sees,10
madly,10
fear,10
abandon,10
assured,10
truly,10
reproving,10
confidence,10
reasoned,10
congratulate,10
decided,10
risked,10
noses,10
public,10
document...possibly,10
further,10
depart,10
despatch-case...it,10
sorry,10
alike,10
doorkeys...they,10
invariably,10
spectacle,10
unlocking,10
leaped,10
surely,10
plans,10
thick,10
thrown,10
waste,10
figure,10
opportunities,10
economics,10
convict,10
seek,10
admit,10
success,10
watchfulness,10
partly,10
services,10
blushed,10
nowhere,10
dark,10
ten,10
criminals,10
amateur,10
costs,10
demanded,10
determination,10
resolution,10
grievous,10
awkwardly,10
watching,10
pick,10
key,10
unceasingly,10
learnt,10
sake,10
impaired,10
souls,10
silent,10
condemning,10
denounce,10
threatens,10
attempted,10
exclaiming,10
first...and,10
deduction,10
thoughts,10
straightening,10
psychologically,10
uttered,10
shock,10
dears,10
occasioned,10
sudden,10
mantle-piece,10
speaks,10
amongst,10
hurriedly,10
moments,10
tassel,10
validity,10
considerable,10
thinks...in,10
agonized,10
started,10
sofa,10
presumably,10
exhausted,10
owe,10
agitation,10
tap,10
exclamation,10
complete,10
springing,10
sit,10
i...only,10
revolution,10
wills,10
fidgeted,10
leisure,10
thrusts,10
surprised,10
rolling,10
else...that,10
touched,10
deter,10
turns,10
orders,10
searching,10
cheek,10
murmured,10
explanation,10
pleasure,10
dilemma,10
race,10
penknife,10
forces,10
colossal,10
clung,10
dislike,10
tenaciously,10
infidelity,10
rightly,10
arises,10
sees...what,10
conjugal,10
nice,10
ornaments,10
perceive,10
looks,10
desk...locked,10
hide,10
according,10
sounds,10
salute,10
meantime,10
dreadful,10
admits,10
restorer,10
doom,10
uses,10
room...he,10
straighten,10
fitted,10
fortunate,10
devil,10
shade,10
shoot,10
fastened,10
reported,10
dying,10
induce,10
gain,10
ends,10
planned,10
victim's,10
quiet,10
reflection,10
preparations,10
denouement,10
land...mrs,10
compromising,10
items,10
worked,10
stir,10
possession,10
attaches,10
"causes'."""" and",10
hides,10
ensuing,10
verifying,10
degrees,10
conjectures,10
glance,10
hers,10
emotion,10
alarm,10
dressing,10
undoubtedly,10
tie,10
passion,10
infamous,10
plot...that,10
knocked,10
accidentally,10
stationing,10
marry,10
sigh,10
fall,10
tear,10
corresponds,10
rich,10
foolish,10
accusation,10
was...a,10
upheld,10
consider,10
occupied,10
doctors,10
advice,10
investigate,10
ôç£it,10
dryly,10
audience,10
shield,10
politely,10
lecturer,10
popular,10
assembled,10
happen,10
positively,10
return,10
consented,10
comes,10
dislikes,10
la,10
pauvre,10
petite,10
that...les,10
shoulder,10
consequently,10
obvious,10
annoying,10
adjoining,10
uselessly,10
glasses,10
puts,10
blame,10
thenceforward,10
accident,10
distinctly,10
feet,10
crushed,10
joking,10
schemers,10
thirdly,10
unfortunate,10
jumped,10
sour,10
astonished,10
male,10
impersonations,10
recounted,10
ended,10
happily,10
assumption,10
hiding-place,10
enemies,10
innocence,10
revealing,10
convicted,10
significant...i,10
dared,10
deliberately,10
entanglement,10
battering,10
trooping,10
inexorably,10
watch,10
hoping,10
awoke,10
withdrew,10
aroused,10
sensitive,10
married,10
lead,10
misunderstanding,10
awake,10
sense,10
deadly,10
misconceptions,10
gasp,10
aiding,10
failure,10
temperature,10
continuing,10
incongruous,10
him...though,10
idiots,10
least,10
pardon,10
understood,10
free,10
paper's,10
existence,10
big,10
accordance,10
arrest,10
friendship,10
will...mrs,10
cultivated,10
prearranged,10
shaking,10
starts,10
hatred,10
stairs,10
mean...thanks,10
pulls,10
overturning,10
arm,10
suppress,10
flings,10
faked,10
dawned,10
wise,10
beware,10
paroxysm,10
alarming,10
indignantly,10
awakens,10
thanks,10
stumbling-block,10
significant,10
single-handed,10
debar,10
reconciled,10
seeking,10
desperately,10
7,10
startled,10
recollect,10
girl's,10
lucky,10
recall,10
connects,10
gallery,10
general,10
echoing,10
yes...more,10
footsteps,10
distinctive,10
howard's,10
spaces,10
closing,10
date,10
confessed,10
loved,10
solely,10
retreats,10
picks,10
scattering,10
charming,10
confident,10
brushing,10
mixed,10
usually,10
nonsense,10
learn,10
pretend,10
afraid,10
describes,10
attach,10
furiously,10
precipitate,10
swallowed,10
collected,10
precipitated,10
crystals,10
wait,10
law,10
country,10
insoluble,10
offence,10
deposits,10
interpretation,10
bore,10
poured,10
midsummer,10
shut,10
chateau,10
burnt,10
complain,10
spending,10
cut,10
neatly,10
wire,10
impatiently,10
sediment,10
shaken,10
intended,10
interested,10
quarter,10
evidences,10
comprehensible,10
throughout,10
undisturbed,10
solution,10
strychninae,10
fancied,10
text,10
drunk,10
irreproachable,10
heated,10
stimulant,10
picked,10
played,10
treacherous,10
alibi...and,10
hey,10
reaching,10
precisely,10
deposited,10
presto,10
tilting,10
china,10
splinters,10
nap,10
imbedded,10
managed,10
nine,10
there...a,10
suitable,10
there...in,10
aha,10
clever...his,10
become,10
dispensing,10
extract,10
prescribed,10
method,10
killed,10
position,10
manufactured,10
tonic,10
bound,10
impressively,10
preparing,10
answered,10
taste,10
disguising,10
lot,10
hard,10
getting,10
exhaled,10
gentleman,10
false,10
custody,10
circumspect,10
relieve,10
burning,10
genius,10
stroke,10
dead,10
curiosity,10
permitted,10
difficult,10
tonight,10
right...only,10
dearest,10
unknown 17,10
honest,10
that...enfin,10
conceal,10
throat,10
step,10
breaks,10
hectic,10
identity,10
broke,10
overturned,10
skipped,10
nimbly,10
scream,10
movement,10
howl,10
assailant,10
writer,10
library,10
crash,10
flourish,10
doubtless,10
villain,10
femmes,10
strangle,10
deceiving,10
sitting,10
clearing,10
have...in,10
died,10
idiom...'smelt,10
breathless,10
amid,10
beginning,10
chain...is,10
proof...the,10
final,10
repeat,10
times,10
conveyed,10
owing,10
anticipated,10
twenty-four,10
ago,10
fatal...dose,10
whoever,10
last...and,10
lunched,10
forgot,10
entertainment,10
hints,10
mollified,10
grumbled,10
diplomacy,10
rat,10
slips,10
pieced,10
jour,10
deathly,10
escaped,10
warned,10
catching,10
besought,10
murderer's,10
implore,10
enrage,10
invaluable,10
clearer,10
amis,10
beautiful,10
pause,10
mes,10
odour,10
peculiar,10
leading,10
believe...or,10
flurried,10
shuts,10
locks,10
snatch,10
walks,10
woods,10
dreaming,10
counted,10
result,10
analysed...with,10
incriminating,10
reads,10
becomes,10
perfidy,10
each,10
sentence,10
coffee-cups,10
conveys,10
artificial,10
somewhat,10
probable,10
nonsuccess,10
hitch,10
sixth,10
returns,10
strictly,10
usual...or,10
compromise,10
blind,10
whereas,10
cavendish.but,10
knowing,10
write,10
absence...arranged,10
wife...all,10
wasted,10
changed,10
then...he,10
dr.bauerstein,10
oversight,10
grave,10
unconsciousness,10
feigned...which,10
remote,10
warning,10
dressed,10
sighed,10
move,10
accustomed,10
safer,10
keeps,10
enormous,10
project,10
fully,10
excepted,10
noiselessly,10
hinges,10
biggest,10
oil,10
all...that,10
keeping,10
it...the,10
applied,10
arrival,10
kit,10
determines,10
morrow,10
console,10
danger...but,10
ignorant,10
sleep,10
possibilities,10
slept,10
lies,10
decides,10
hunt,10
tumult,10
woken,10
solicitor,10
collectively,10
"remember"" ...he",10
oui,10
asking,10
mais,10
finished,10
delightful,10
additional,10
sugar,10
universal,10
sized,10
symptoms,10
doing,10
discovers,10
mentioning,10
father,10
touch,10
dispensed,10
medicines,10
lying,10
studying,10
exam,10
brass,10
used,10
saucer,10
influence,10
anyway,10
addition,10
precipitation,10
occasionally,10
master,10
business,10
action,10
especially,10
easy,10
height,10
deep,10
manly,10
amply,10
trust,10
moreover,10
distinct,10
gait,10
true,10
papa,10
bearing,10
simplicity,10
wonderful,10
forget,10
itself,10
awful,10
fogged,10
dissolve,10
coot's,10
takes,10
feared,10
buying,10
signing,10
arranges,10
number,10
analyst's,10
cock,10
bull,10
holding,10
tongue,10
tested,10
analyst,10
analysed,10
dog,10
obtains,10
handwriting,10
note...still,10
tray,10
copying,10
hand-writing...which,10
effectual,10
mauvais,10
quart,10
defeat,10
nil,10
fortnight,10
touching,10
harmless,10
engineered,10
departed,10
draught,10
lapse,10
clever...and,10
d'heure,10
sleeping,10
undoing,10
dies,10
puffed,10
cigarette,10
fixed,10
imagine,10
ceiling,10
why?ôç,10
paper...'a,10
chairs,10
office ,10
cheer ,10
though? ,10
heads ,10
morbid ,10
"morbid, ",10
stalked ,10
journalists ,10
moon-faced ,10
"idiots, ",10
wherever ,10
goes! ,10
thoughtfully ,10
hastings...it's ,10
guard? ,10
me...who ,10
sometimes ,10
accident. ,10
because...because...who ,10
else; ,10
except...one ,10
unless......- ,10
increased. ,10
"doings, ",10
hints...they ,10
request. ,10
earthly ,10
twice: ,10
horrors ,10
chamber ,10
"murdoch's, ",10
yes! ,10
disappointed? ,10
"luckily, ",10
granted ,10
scene. ,10
safely ,10
cottage? ,10
"pleased, ",10
nothing's ,10
chap! ,10
finest ,10
though! ,10
"lord, ",10
with. ,10
report ,10
rock. ,10
stirred? ,10
came. ,10
jack-in-the-box! ,10
screaming ,10
headlines ,10
country...damn ,10
faithfully ,10
"journalists, ",10
went? ,10
crowd ,10
tussaud's ,10
everything.' ,10
arrived. ,10
passing? ,10
stop ,10
prayed ,10
occur ,10
frowning ,10
"perplexedly, ",10
"quick, ",10
accomplice. ,10
be! ,10
"arrival, ",10
weapon. ,10
evening! ,10
threatened ,10
bother ,10
denunciation ,10
downstairs? ,10
committed? ,10
meant? ,10
unfinished ,10
hers: ,10
chat ,10
unavenged ,10
dishonour ,10
guiltily. ,10
demanded ,10
"please, ",10
content ,10
safer ,10
"wasn't, ",10
symptoms. ,10
risky. ,10
tested. ,10
"instructions, ",10
coffee? ,10
wash. ,10
already? ,10
understand? ,10
till ,10
analysed...that's ,10
"murderer, ",10
there...just ,10
simpler ,10
substitute ,10
"sample, ",10
dream ,10
produces ,10
sample...except ,10
"duties, ",10
belated ,10
recognition. ,10
disguise? ,10
possibilities. ,10
admittedly ,10
toxicologists...... ,10
"anybody, ",10
tasteless. ,10
obscure ,10
"of, ",10
turned. ,10
branches ,10
"bump...eh, ",10
"evidently, ",10
beech-tree. ,10
mankind ,10
charitable. ,10
forgave ,10
secrecy. ,10
yawned. ,10
plight ,10
unreal ,10
"probably, ",10
start. ,10
predicament. ,10
quarrelling. ,10
overjoyed ,10
foot ,10
devil! ,10
meditatively. ,10
"clever, ",10
"vicinity, ",10
mary's ,10
"came, ",10
liquid: ,10
actions? ,10
hullo! ,10
village! ,10
gadding ,10
"shoulders, ",10
grand ,10
subdued. ,10
isn't. ,10
saturdays. ,10
pride ,10
forbade ,10
switched ,10
tack. ,10
adventure. ,10
industrious ,10
spectacle! ,10
demoiselle. ,10
italy. ,10
delighted. ,10
day? ,10
wednesdays ,10
"clever...oh, ",10
birds ,10
"brains, ",10
exam. ,10
responsible ,10
work. ,10
cupboard? ,10
woods. ,10
saunter ,10
lazily ,10
glades. ,10
"wind, ",10
chirp ,10
tuesday. ,10
method! ,10
hanging ,10
crackling ,10
now... are ,10
stretched ,10
mary...... ,10
console ,10
hastened ,10
wavered. ,10
crest-fallen ,10
childishly ,10
bed! ,10
softer ,10
none! ,10
mary ...his ,10
gestures... with ,10
"expression, ",10
mary? ,10
"hills, ",10
gesture ...i ,10
eternally ,10
clumsy. ,10
egyptian ,10
sphinx ,10
freed ,10
said; ,10
"glade, ",10
myself! ,10
"ostentatiously, ",10
possible? ,10
unsteadily. ,10
stricken ,10
exhibits. ,10
mary! ,10
polish ,10
tinge ,10
jewish ,10
leavens ,10
fellows? ,10
persistently. ,10
the ...she ,10
him... stolid ,10
stupidity ,10
ice ,10
crimson ,10
tide. ,10
pleading ,10
"pleadingly, ",10
continue ,10
express ,10
wishes? ,10
choose. ,10
defy ,10
actions. ,10
disapprove? ,10
pace.the ,10
ebbed ,10
unsteady ,10
choice ,10
friends? ,10
run. ,10
exhumation. ,10
disappointed; ,10
"bedroom, ",10
foreseen ,10
"probability, ",10
cause ,10
resolve ,10
meantime ,10
announce ,10
openly ,10
weighing ,10
implicated...otherwise ,10
permanently ,10
newspaper ,10
morrow. ,10
blurting ,10
"accessible, ",10
posting ,10
sagacity ,10
immeasurably ,10
heightened. ,10
dreamt ,10
"reflecting, ",10
vent ,10
prodigious ,10
"whistle, ",10
imparted ,10
news. ,10
scot! ,10
tomorrow. ,10
act. ,10
uncertain ,10
annoyance. ,10
"lodged, ",10
uncontrollable ,10
"merriment, ",10
vanished ,10
trees. ,10
"interview, ",10
profoundly ,10
allay ,10
suspected. ,10
relied ,10
diplomacy. ,10
apartments ,10
card ,10
took. ,10
retraced ,10
took? ,10
dead? ,10
perlice. ,10
police! ,10
and... ,10
tore ,10
extreme ,10
london. ,10
london! ,10
decision ,10
suppose? ,10
parted ,10
need. ,10
"newspapers, ",10
arrest! ,10
coupling ,10
"birth, ",10
naturalized ,10
man...a ,10
blackguard! ,10
goods! ,10
patriot. ,10
lose. ,10
admire ,10
philosophical ,10
wandering ,10
country! ,10
busied ,10
vagaries ,10
spy? ,10
unobserved. ,10
eagerly...rather ,10
but...shall ,10
disguise ,10
pleasure. ,10
cares ,10
agreeable ,10
warmth ,10
"evidences, ",10
indicate...... ,10
entrance ,10
hastily ,10
dressed? ,10
adapting ,10
column ,10
anybody ,10
padding ,10
"inexplicable, ",10
supposed ,10
worried ,10
arrests ,10
yet; ,10
"start, ",10
blocked ,10
bon ,10
"jour, ",10
dragged ,10
anyone. ,10
"arrest, ",10
absurdity ,10
coast. ,10
coast? ,10
obvious! ,10
proximity ,10
coast ,10
inglethorp...... ,10
farce! ,10
confessed. ,10
"espionage, ",10
espionage? ,10
"senses, ",10
utter ,10
cheered ,10
"good-bye, ",10
prepared ,10
paul ,10
eggs! ,10
good-natured ,10
eggs ,10
unaccustomed ,10
confound ,10
venture ,10
detectives! ,10
after! ,10
house...turning ,10
upside ,10
started. ,10
bad! ,10
"prys, ",10
war. ,10
grunted ,10
opined ,10
sauntered ,10
"buried, ",10
"inquired, ",10
leafy ,10
screen. ,10
hat. ,10
"sunlight, ",10
piercing ,10
"branches, ",10
quivering ,10
reappeared. ,10
"foolish, ",10
hastings...you ,10
baleful ,10
reputation ,10
blest ,10
motive ,10
trembled. ,10
confidence. ,10
course...that ,10
"walked, ",10
"talked, ",10
"sycamore-tree, ",10
arrival. ,10
"hospital, ",10
fix ,10
funny. ,10
rate ,10
brooch ,10
straight. ,10
mania ,10
existed ,10
maligned. ,10
sympathy. ,10
persecuted ,10
girl's ,10
provisions ,10
imagined ,10
them...at ,10
"inspector, ",10
gold. ,10
girl! ,10
accept ,10
remedy ,10
someone ,10
tragedy; ,10
pity ,10
youth ,10
loneliness. ,10
awkwardly: ,10
marry ,10
arresting ,10
"unwittingly, ",10
addresses. ,10
hit ,10
sovereign ,10
tears. ,10
glinting ,10
them...names ,10
asperity: ,10
list ,10
silly! ,10
annoyed. ,10
silly. ,10
dear.' ,10
to! ,10
got... ,10
got. ,10
to...and ,10
proposal. ,10
head; ,10
sunlight ,10
revived ,10
loves ,10
"benignantly, ",10
"forgot, ",10
"die...anyway, ",10
for! ,10
untrue ,10
"heavens, ",10
plucking ,10
astonished. ,10
me; ,10
"can't, ",10
yes...john. ,10
horrid ,10
howard... ,10
"beauty, ",10
likes ,10
gruff ,10
unkind ,10
malicious ,10
fly. ,10
speaks ,10
civil ,10
rumour...... ,10
"to, ",10
and...and...i ,10
child ,10
crying. ,10
glad. ,10
meant. ,10
unfolded ,10
worth. ,10
"empty, ",10
insuperable ,10
"thinking, ",10
reposing ,10
"correct, ",10
"bottom, ",10
"new, ",10
"deductions, ",10
natural; ,10
new. ,10
heaped ,10
assumption ,10
downstairs. ,10
elsewhere. ,10
devotion. ,10
"pantry, ",10
busily ,10
polishing ,10
silver. ,10
simulating ,10
argue ,10
gallic ,10
"politeness, ",10
mentioning ,10
collection ,10
irritably. ,10
dress-up ,10
look! ,10
results ,10
benefit ,10
scant ,10
fault ,10
studded ,10
partly ,10
brass ,10
"nails, ",10
overflowing ,10
acquit ,10
imaginable ,10
positive ,10
garment. ,10
bundled ,10
"assurance, ",10
much...it ,10
motive. ,10
ceremony. ,10
energetic ,10
may...... ,10
fabrics ,10
instead. ,10
reason. ,10
wells? ,10
varying ,10
favour? ,10
shades; ,10
apathetic ,10
"search, ",10
night.' ,10
wonderful. ,10
comic! ,10
tis ,10
persia? ,10
borrowed ,10
skeins ,10
wool ,10
with! ,10
distance. ,10
"lately, ",10
think. ,10
"wig, ",10
hair. ,10
corks ,10
mostly...though ,10
messy ,10
shah ,10
nigger ,10
had. ,10
trimmed? ,10
snipped ,10
hairs. ,10
deep. ,10
wonder? ,10
hatred ,10
"intelligence, ",10
remarked? ,10
assistance ,10
sanity ,10
mania. ,10
"upstairs, ",10
char ,10
"scimitar, ",10
her! ,10
"persia, ",10
it...a ,10
deliberately ,10
innocent. ,10
eastern ,10
king ,10
"satisfaction, ",10
knife ,10
respectful. ,10
specially ,10
sharpened ,10
displeased ,10
genially. ,10
you!' ,10
"apache, ",10
"logically, ",10
name...a ,10
frenchified ,10
"cut-throat, ",10
ruffian. ,10
intended ,10
evenings ,10
"fun, ",10
doubt...that ,10
was...a ,10
remember? ,10
cited ,10
"piece, ",10
intensely. ,10
quarters ,10
funeral ,10
subtle ,10
vindicated. ,10
"innuendoes, ",10
usual ,10
tag ,10
triumphantly ,10
innocence ,10
"waned, ",10
confidence ,10
rhyme ,10
"cocoa, ",10
sandwiched ,10
slack ,10
drag ,10
momentarily ,10
"inactive, ",10
stupefied. ,10
avidity ,10
fashionable ,10
life: ,10
topic ,10
annoying ,10
cavendishes. ,10
constantly ,10
biographies ,10
completed ,10
"reporters, ",10
genial ,10
pinched ,10
lording ,10
hole ,10
tact ,10
awkward! ,10
thing's ,10
financially ,10
johnnies ,10
"difficult, ",10
amends; ,10
jumping ,10
blame ,10
spirits ,10
"headlines, ",10
abominably. ,10
"buoyant, ",10
self ,10
unalterably ,10
gloomy ,10
"nervous, ",10
treated ,10
hanged ,10
"cheerful, ",10
plans. ,10
hopeful ,10
glaring ,10
besieged ,10
consistently ,10
suspicion? ,10
oh...ah...yes. ,10
mystified,10
box.' ,10
"attic, ",10
less. ,10
clothes ,10
peace! ,10
amongst ,10
gentleman...... ,10
promised. ,10
"confused, ",10
class ,10
"london, ",10
foreigners ,10
gentlemen' ,10
belges ,10
"foreigners, ",10
polite ,10
gentleman. ,10
upturned ,10
poirot; ,10
"half-way, ",10
although...but ,10
matter...we ,10
windows. ,10
attic. ,10
"enough, ",10
dressing-up ,10
perhaps? ,10
tested! ,10
lynx-eyed ,10
denied ,10
"admission, ",10
haunt ,10
"grounds, ",10
"cameras, ",10
unwary ,10
blast ,10
publicity. ,10
"examining, ",10
briskly,10
"questioning, ",10
hopped,10
reserved ,10
excellent,10
"working, ",10
chemist,10
analytical,10
"clue, ",10
running,10
category ,10
crimes? ,10
"mysteriously, ",10
mysterious,10
it's,10
well...but,10
access,10
compliment. ,10
invaluable. ,10
puzzled? ,10
"gratifying, ",10
untruthfully. ,10
you...from ,10
"significantly, ",10
"eventually, ",10
intently ,10
change ,10
melancholic ,10
lower. ,10
inquest...but ,10
peace.' ,10
personated ,10
unaffected ,10
ascertained ,10
compelled ,10
coffee-cup? ,10
"maids, ",10
dream! ,10
worcester. ,10
"connoisseur, ",10
ones. ,10
china...it's ,10
delight ,10
manufactured ,10
problem. ,10
double ,10
"resignedly, ",10
road ,10
"account, ",10
cross-examination ,10
skillful ,10
should...i ,10
"suspicion, ",10
requiring ,10
rejected ,10
anybody? ,10
enigmatically. ,10
yourself...have ,10
remark ,10
irrelevant ,10
discoveries...as ,10
yes...doubly ,10
doubly ,10
guard. ,10
clearing ,10
coffee...mrs. ,10
ultimate ,10
lightening ,10
assert ,10
nursing ,10
"high-handedness, ",10
inexpressible ,10
aimlessly ,10
balls ,10
"otherwise, ",10
relieve ,10
"purport, ",10
flattered ,10
dutch ,10
message,10
musingly,10
frenzy. ,10
crestfallen. ,10
everything...everything! ,10
rejoicing ,10
night...the ,10
importance! ,10
naught. ,10
"expostulated, ",10
begged ,10
accompany ,10
home. ,10
consented ,10
"annoyed, ",10
dinner...but ,10
i...i ,10
"anxiously, ",10
lifts ,10
load ,10
fervour ,10
appeasing ,10
in...it ,10
foot. ,10
displeasure. ,10
thawed. ,10
mud ,10
scarecrow! ,10
"message, ",10
i...never ,10
"notice, ",10
boom,10
mention,10
gong,10
racing ,10
motor? ,10
sounded,10
lunch,10
allons! ,10
decision. ,10
seated,10
everything...everything. ,10
himself: ,10
tacit,10
consent,10
barred,10
"fastened, ",10
conversed,10
topics,10
cheese ,10
biscuits ,10
recalling ,10
"memories, ",10
idea ...poirot's ,10
"candlesticks, ",10
byword... and ,10
"amiable, ",10
surprised. i ,10
loosening ,10
"sadly, ",10
deductions ,10
secret. ,10
"committed, ",10
arsenic...not ,10
mildly. ,10
arsenic ,10
villain? ,10
hated ,10
y...es. ,10
bears ,10
entirely. ,10
idea? ,10
arrival ,10
impressed ,10
affirming ,10
"murdered, ",10
beginning. ,10
unnatural? ,10
nonsense? ,10
curtly. ,10
committing ,10
more...shall ,10
terribly ,10
mistaking ,10
destroying ,10
nonplussed. ,10
affirmative ,10
movement ,10
drown ,10
violent. ,10
bought ,10
accepted. ,10
tack ,10
welcome. ,10
brawn. ,10
ally ,10
beef ,10
protested. ,10
sufficient. ,10
degenerate ,10
"hurt, ",10
meaning. ,10
john? ,10
person. ,10
weak-minded ,10
try. ,10
slightest. ,10
"civil, ",10
assented ,10
request ,10
conversation. ,10
"morning-room, ",10
busy. ,10
pleasure...to ,10
sane ,10
reply ,10
truthfully. ,10
"lies, ",10
influence ,10
disposes ,10
gratefully ,10
decidedly. ,10
spoke! ,10
me...... ,10
lift ,10
to...to...... ,10
yes...you'll ,10
faltered. ,10
nothing...but ,10
absurd...but ,10
watch! ,10
watching...always ,10
hushed ,10
drawing-room,10
unworthy ,10
proudly. ,10
"feeling, ",10
fear. ,10
encouragingly. ,10
foolish. ,10
howard! ,10
justice! ,10
cost ,10
may. ,10
firmly ,10
mused ,10
ignored. ,10
dark. ,10
enlighten ,10
won't. ,10
blunderingly; ,10
stifle ,10
guessed. ,10
"instinct, ",10
offer ,10
"duty, ",10
unexpectedly...she ,10
name...... ,10
"wildly, ",10
flinging ,10
wild...such ,10
convoy ,10
dreadful...idea ,10
head! ,10
wizard ,10
so...it's ,10
end. ,10
"monstrous, ",10
that...a ,10
shan't ,10
working. ,10
"i...i, ",10
ring ,10
actions ,10
"unexpectedly, ",10
murder? ,10
instinct. ,10
"suspects, ",10
common ,10
words: ,10
share ,10
15th,10
tonic. ,10
confusing; ,10
threatened,10
handled ,10
immediate,10
counter ,10
experts,10
third ,10
became,10
deceive ,10
gaiety ,10
signature,10
unanimously,10
counterfeited,10
speech,10
loud,10
whispers,10
backed,10
pitiably,10
couple,10
visiting ,10
happened...i,10
happened...to,10
displayed,10
stammered,10
ask,10
attired,10
heads,10
doorway. ,10
lady? ,10
mr ,10
fashionably,10
"below, ",10
opening,10
eliminated. ,10
visit! ,10
"solution, ",10
malicious,10
attempt,10
medicines. ,10
shred,10
hydro-clor. ,10
liq. ,10
support,10
wicked,10
freely,10
embarrassments,10
pills. ,10
little...only ,10
grossly,10
hum. ,10
manage ,10
photograph? ,10
"confirmed, ",10
unproved,10
colleague ,10
emphatic,10
experience,10
slighter,10
below ,10
circumstantial,10
permitted ,10
submitted,10
visitors ,10
testimony,10
sift,10
impartially,10
"balcony, ",10
pointed,10
"explained, ",10
"confessor, ",10
"lunch, ",10
scorning,10
i...i...may,10
expressed,10
referring,10
nail,10
tooth,10
fought,10
side,10
brings,10
passionately,10
turning,10
ranged,10
unfeignedly,10
intervening,10
months,10
adversity,10
bottles,10
lawrence...mr. ,10
thinks,10
tenderness,10
feelingly,10
hanging,10
relevant,10
fate,10
arrow,10
guest,10
cupboard,10
visit,10
seconds,10
queried,10
truest,10
unlock,10
sweetest,10
"cry, ",10
cavendish! ,10
"slightly... remember, ",10
abruptly ,10
nervous,10
"broken, ",10
feverishly. ,10
disposition,10
abstract,10
"enchanted, ",10
deeper ,10
shrewishness. ,10
poisons,10
waited,10
gratifying,10
happens,10
seeking ,10
papa ,10
autumnal ,10
shivered ,10
him...they've ,10
unmistakable,10
you... ,10
ears. ,10
huddled ,10
sighing. ,10
sickly,10
greenish,10
impress,10
buttoned ,10
mournful ,10
trees ,10
finger-prints,10
highly,10
closer. ,10
efficacious,10
learned,10
continuing ,10
bottle? ,10
readiness,10
contradict ,10
forebore ,10
tale,10
credibly,10
intelligence; ,10
yours! ,10
disagreement,10
forgetting ,10
lent,10
long-faced ,10
"appear, ",10
coffee-cup. ,10
aha! ,10
value,10
task ,10
sieve. ,10
spoil ,10
judge ,10
3. ,10
numbered ,10
stronger,10
science ,10
"alike, ",10
"surprised, ",10
them'...as ,10
kindest ,10
cells. ,10
witness-box,10
skilful,10
unravelled ,10
handling,10
hopes ,10
"effect, ",10
denials,10
suspiciously. ,10
descend ,10
mounted ,10
noted,10
mount? ,10
seek ,10
sharp,10
"horse, ",10
eye,10
accordingly. ,10
protest,10
coffee-cup! ,10
whisper... i ,10
him... ,10
special. ,10
indeterminate. ,10
insinuations,10
entrance. ,10
"respectfully, ",10
stake ,10
close,10
breast. ,10
examination,10
proudly ,10
attempt ,10
utterly,10
balance,10
trust? ,10
hangs,10
reject,10
quotation,10
shakespeare,10
disapprove,10
facetiously,10
"magnified, ",10
finger-prints; ,10
besides,10
averred,10
concluded,10
photo ,10
on...i ,10
left. ,10
remains ,10
finger-marks...it ,10
space ,10
represents ,10
photograph ,10
used. ,10
16th,10
lonely,10
dusting ,10
"apparatus, ",10
authoritatively,10
magnified ,10
remarriage,10
innocent,10
tune. ,10
hummed ,10
vague. ,10
gratify ,10
enigmatical. ,10
carelessly,10
participator,10
surface ,10
became ,10
misrepresented,10
admitted. ,10
returning,10
built! ,10
tadminster...which ,10
marston's,10
special ,10
spinney,10
appointed,10
confused ,10
complied,10
demands,10
time... there ,10
3 ...i ,10
"smaller, ",10
lady's; ,10
picture. ,10
finger. ,10
vainly,10
vouch,10
formerly,10
bar,10
automatically,10
reveal,10
"distinctly, ",10
threatening,10
1's. ,10
overlapping ,10
others? ,10
blackmailing,10
fail? ,10
couched,10
identical. ,10
explain? ,10
contrary. ,10
obtained ,10
comparison. ,10
complicated. ,10
blur ,10
extending ,10
felt,10
grinned,10
somebody's,10
forehead,10
mace,10
acts,10
drug,10
temporary,10
bullied,10
mostly,10
beneath,10
superintendent,10
wiped,10
unthinkable,10
implying,10
subtly,10
overwhelming,10
constituted,10
identified,10
information,10
brilliant,10
acting,10
defiance,10
gallant,10
useless,10
wistful,10
briefly,10
teeth,10
resolutely,10
pressed,10
gentlemen,10
faithful,10
witnessing,10
statements,10
accuracy,10
spoken,10
officer...of,10
japp...a,10
crystalline,10
unimpeachable,10
former,10
blue,10
extant,10
induced,10
forefinger...the,10
wagged,10
wit,10
seemed,10
glass,10
man...to,10
onus,10
disguise,10
previous,10
ensued,10
or...this,10
secondly,10
inspector,10
executed,10
valid,10
render,10
admission,10
gold-rimmed,10
sought,10
ultimately,10
knowledge,10
exhibited,10
legal,10
versed,10
pince-nez,10
ladies,10
likely...she,10
worn,10
object,10
succinctly,10
reopened,10
confidently,10
posted,10
wasn't,10
notepaper,10
consolingly,10
stamped,10
y...es,10
affirm,10
signified,10
no...but,10
prey,10
beast,10
tomorrow,10
address,10
ponderously,10
instance,10
twisted,10
month,10
slight,10
knocking,10
unmerciful,10
west,10
contradicted,10
hopelessly,10
seeing,10
prosecuting,10
elizabeth,10
hateful,10
net,10
around,10
rectify,10
latch,10
front,10
esq,10
meditatively,10
transactions,10
divided,10
disappeared,10
supposing,10
cares,10
special,10
create,10
minds,10
parcels,10
lawrence...oh,10
lots,10
questioned,10
endeavouring,10
john...and,10
succeed,10
hall,10
sheet,10
brown,10
dusty,10
morning-room,10
belgian,10
employed,10
appreciatively,10
search,10
of...of...a,10
driving,10
theatrical,10
costumiers,10
supplied,10
postal,10
soon,10
enclosed,10
puzzled,10
grains,10
labelled,10
mix,10
appear,10
playing,10
working,10
scenes,10
officially,10
pugnaciously,10
happening,10
brutality,10
use,10
flush,10
lawrence's,10
vent,10
caution,10
and...ah,10
faint,10
deal,10
power...otherwise,10
advise,10
animosity,10
strangely,10
raikes...poor,10
regle,10
en,10
"broadly..."" it",10
bitter,10
"all"" ...he",10
shooting,10
discoveries,10
jump,10
staying,10
instantly,10
background,10
chin,10
sprung,10
solicitors,10
taxed,10
geniality,10
please,10
proofs,10
children,10
intense,10
condemned,10
future,10
clipped,10
subsequent,10
espionage,10
you'd,10
although,10
concerning,10
disconcerted,10
slice,10
terribly,10
frankness,10
murmur,10
inexplicable,10
hear,10
shoulders,10
shrugged,10
disapprobation,10
leant,10
breaking,10
cared,10
reflect,10
conduct,10
client's,10
inquest...it,10
wife...and,10
quarrelling,10
anger,10
demolish,10
unaware,10
relates,10
beyond,10
mirror,10
erything,10
die,10
possessed,10
beloved,10
ing,10
lady's,10
reversed,10
cold-blooded,10
premeditated,10
completed,10
crown,10
24th,10
defend,10
fond,10
trusting,10
prophet,10
benefactress,10
neighbouring,10
tether,10
spendthrift,10
profligate,10
hydrochloride,10
proposed,10
blotting-paper,10
boyhood,10
generous,10
care,10
surrounded,10
luxury,10
cheque,10
supported,10
engaged,10
strike,10
agnes,10
articles,10
party,10
family,10
included,10
kensington,10
hot,10
summer,10
london,10
stowed,10
reserved,10
baldly,10
repetitions,10
tiresome,10
involves,10
details,10
job,10
office,10
continually,10
kindly,10
heavyish,10
grew,10
talked,10
lacking,10
privately,10
heavy,10
underclothes,10
appeared,10
bailey,10
charged,10
wilful,10
pile,10
emily,10
favourable,10
magnified. ,10
cavalier ,10
ma,10
"troubles, ",10
happy ,10
annihilated,10
together? ,10
inarticulate,10
"aback, ",10
hoarse,10
happy. ,10
uttering,10
"slowly, ",10
leaf,10
fashion,10
usual,10
"slim, ",10
supple ,10
hers ,10
swaying ,10
walked. ,10
rage,10
"from, ",10
towering,10
placidity,10
enraged,10
"john...anything, ",10
"think...yes, ",10
"somehow, ",10
elated ,10
begun ,10
confidences ,10
thought...but ,10
stammer ,10
unkindness ,10
"laugh, ",10
is...that,10
capering ,10
is...it,10
gasped,10
ridiculous! ,10
gate. ,10
he'll ,10
"mad, ",10
hatter; ,10
"maddest, ",10
method ,10
madness. ,10
heavens,10
agony,10
risk ,10
thoughtful ,10
keenest,10
suffering,10
forwards,10
backwards,10
tackle ,10
"tactfully, ",10
authoritatively. ,10
swayed,10
"advocate, ",10
putting,10
masterpiece,10
talents ,10
you've,10
conjuring,10
"besides, ",10
utter,10
requires,10
employment,10
badly ,10
childhood,10
aunts ,10
involuntarily,10
jaw,10
solemnly,10
yorkshire. ,10
shuddered. ,10
"narrowness, ",10
tone: ,10
imagine ,10
patience,10
brain,10
aunts' ,10
"view, ",10
weighed ,10
pack,10
small,10
insufferable ,10
frowning,10
misunderstand ,10
calls ,10
love' ,10
declared ,10
mount,10
so...we ,10
died. ,10
memory ,10
faltered,10
foreign...different...that ,10
hesitated,10
"elderly, ",10
watched,10
mathematical...precision,10
another...with,10
card...on,10
placing...one,10
done...so,10
role ,10
"english, ",10
russian. ,10
understand... ,10
jerks,10
death...she ,10
life...i ,10
high,10
draught ,10
stories,10
broken-hearted. ,10
shortly ,10
"afterwards, ",10
consular ,10
edifice,10
"twenty-three, ",10
built,10
demolished,10
needed,10
splendid ,10
relieved,10
foi,10
tea,10
"smiled, ",10
"costumiers, ",10
debatable ,10
initial) ,10
prolonged,10
reappear,10
"esq., ",10
"t., ",10
j. ,10
folding ,10
depend ,10
from? ,10
wore,10
important? ,10
sunday,10
moderately ,10
confirms ,10
surmise ,10
deduced ,10
successful. ,10
wardrobe'? ,10
"meant, ",10
greatly,10
mused. ,10
wardrobe ,10
boxes. ,10
"arranged, ",10
intrigued,10
abrupt,10
offend ,10
theatrical ,10
"parkson's, ",10
hooting,10
"dusty, ",10
marshalled,10
beaming,10
uttered ,10
initial...j. ,10
amiable,10
blanche,10
carte,10
l.? ,10
necessary,10
salon,10
speak. ,10
medium ,10
sized ,10
reunion,10
drove,10
stupefied ,10
permission,10
lain ,10
complacency,10
absurd,10
radiated,10
attracting ,10
bore ,10
stamp ,10
transformed,10
accompanied,10
alighting,10
messrs. ,10
dinner,10
crime? ,10
yes...that ,10
headlong,10
"such, ",10
nibbled ,10
"ecstasy, ",10
heaven,10
morning-room. ,10
"proof...no, ",10
flesh ,10
crying,10
past,10
"weak, ",10
consolation ,10
track. ,10
run! ,10
leap! ,10
did; ,10
leap ,10
gambolling ,10
cheeks,10
warmly,10
wildly ,10
clasping,10
you...you,10
stretch ,10
stupendous,10
gigantic,10
frankly,10
doing? ,10
elbow. ,10
"mouse, ",10
bell? ,10
expect,10
excitement: ,10
proof ,10
helplessly,10
policeman,10
he'll,10
"surmise, ",10
despair,10
unless...... ,10
"energy, ",10
gesture,10
whirled ,10
turned,10
gesticulating,10
hatless,10
street,10
chance! ,10
un ,10
s'il ,10
plait! ,10
flurried ,10
hurrying ,10
tearing,10
hurried,10
pantry. ,10
"street."" i",10
idea...a ,10
dashed,10
idea...if ,10
"justified, ",10
married. ,10
twiddling,10
remarkable,10
horrified,10
bears,10
lips: ,10
now...now ,10
memory,10
hateful ,10
rash. ,10
moving...thank ,10
correspondence ,10
clothes,10
quickly: ,10
untrodden ,10
"dissent, ",10
soon. ,10
music ,10
duty,10
discouraged,10
vases. ,10
truth...tired ,10
abandoned. ,10
rash! ,10
skill,10
"forests, ",10
mocked ,10
vision ,10
sniff,10
untrue,10
evidence...or ,10
suit,10
fingered ,10
"pride, ",10
parting ,10
lands...and ,10
dismissal. ,10
be...free! ,10
quietly: ,10
civilization ,10
resemble,10
"cheque, ",10
growing,10
freedom ,10
signed,10
perjury,10
unconcern. ,10
triumph,10
incredulous,10
last: ,10
bird ,10
ways. ,10
actual,10
series ,10
"note."" you",10
trimmed,10
till,10
folksongs. ,10
"mystery, ",10
icy ,10
profoundly,10
realization ,10
perhaps...because ,10
acknowledging ,10
"publishers, ",10
opportunely,10
hills. ,10
"communication, ",10
"spaces, ",10
claim,10
tracts ,10
vainly ,10
leap,10
expressionless. ,10
drifted ,10
consideration,10
appointment,10
ass! ,10
"vain, ",10
incredible,10
evidently,10
fictitious,10
likelihood,10
ejaculated. ,10
reached,10
waved,10
for: ,10
coldness ,10
matched. ,10
monsieur. ,10
treating ,10
offer,10
surprising,10
sure...he ,10
impression,10
fourth ,10
think...i ,10
similarity,10
bitten ,10
there...and,10
he...it ,10
spy; ,10
fragments,10
"dispensary,' ",10
forensic,10
repeated,10
marked,10
prudence. ,10
"happen, ",10
heart,10
cold ,10
unfrequented,10
inquired,10
virgin ,10
servant,10
spite,10
frown,10
st,10
sufficiently ,9
withdrew. ,9
triple ,9
returned? ,9
madman ,9
course...but ,9
interesting...very ,9
pig! ,9
distribution. ,9
afterwards ,9
imbecile! ,9
sight. ,9
stone ,9
destroyed...but ,9
chance...we ,9
effort: ,9
"saying, ",9
"branched, ",9
cloud ,9
softly. ,9
disappeared. ,9
bell. ,9
destroyed? ,9
are. ,9
bull. ,9
staircase ,9
train. ,9
unturned... ,9
"something, ",9
disclose. ,9
"mouth, ",9
due ,9
inquiringly ,9
behaved ,9
chanced ,9
terms ,9
case...some ,9
vases ,9
spill ,9
cap ,9
"worry, ",9
"calm, ",9
smoothly. ,9
assure ,9
breakfast. ,9
round. ,9
"looked, ",9
"intelligent, ",9
belied ,9
mantel-piece. ,9
reaction ,9
"trying, ",9
cavendish...rather ,9
decorum ,9
slow ,9
enjoined ,9
demeanour ,9
blankly. ,9
difficulty. ,9
cautious ,9
doorkeys ,9
speech. ,9
lock. ,9
yes ,9
"return, ",9
inherited ,9
"usual...but, ",9
"property, ",9
gorge ,9
nothing! ,9
tense ,9
guessed ,9
"ease, ",9
am! ,9
animal ,9
bookcase. ,9
murderer! ,9
forth ,9
anger ,9
clumping ,9
i... ,9
know! ,9
equitable ,9
forgotten...that ,9
hobnailed ,9
law ,9
elder ,9
gravel ,9
appreciated. ,9
drawer. ,9
vital ,9
sum ,9
connect ,9
stepmother's ,9
replace ,9
questioningly ,9
hesitatingly ,9
looking. ,9
regretted ,9
disconcerting ,9
idea...but ,9
hush! ,9
discussing ,9
debating ,9
veronal? ,9
bromide ,9
obsession ,9
beginning ,9
mademoiselle; ,9
worrying ,9
"shrug, ",9
characteristic ,9
matter! ,9
shining ,9
emeralds ,9
strange. ,9
blind ,9
"alley, ",9
sulphonal? ,9
deepened ,9
inquiringly. ,9
medicines? ,9
entitled...... ,9
"temporarily, ",9
"technically, ",9
constrainedly: ,9
powders ,9
restrained ,9
self. ,9
these? ,9
normal ,9
lawyer. ,9
"ready, ",9
unexpectedly. ,9
"strange, ",9
evident! ,9
disaster ,9
yet...it ,9
testamentary ,9
engaged. ,9
wells...and ,9
"where, ",9
five...but ,9
"forms, ",9
imperturbably. ,9
witnessed ,9
servants...not ,9
"drunk, ",9
"average, ",9
tray...and ,9
confusing. ,9
wills? ,9
verifying ,9
jerking ,9
infinite ,9
"dispositions, ",9
instance...would ,9
fits ,9
marriage ,9
blank ,9
"simple, ",9
"discovery, ",9
"la-bas, ",9
tasting ,9
grounds ,9
"tubes, ",9
family...we ,9
separate ,9
favour ,9
"observed, ",9
benefiting ,9
minute. ,9
sentence. ,9
pass. ,9
"suit-case, ",9
taste: ,9
invariably ,9
hopes. ,9
instantly ,9
secretly ,9
steel ,9
remarried? ,9
mean...there ,9
false ,9
curtain ,9
buoy ,9
worst? ,9
"imperturbably, ",9
"proceed, ",9
idiot ,9
"nettled, ",9
burnt! ,9
impelled ,9
air. ,9
"gardener, ",9
failure. ,9
aback. ,9
smiling ,9
automatically ,9
flare ,9
little. ,9
family? ,9
burnt? ,9
simple ,9
fired ,9
surprise: ,9
loyal ,9
aren't ,9
frightful ,9
prepare ,9
death...or...or ,9
crestfallen ,9
void. ,9
criminal's ,9
hein! ,9
guided ,9
"although, ",9
"work, ",9
contrast ,9
"or, ",9
abashed ,9
normal. ,9
rebuke ,9
poise ,9
equable ,9
willingly. ,9
occurrence? ,9
sending ,9
investigations ,9
occupying ,9
proceeding? ,9
entails. ,9
null ,9
expounding. ,9
diplomacy ,9
duties ,9
"rather, ",9
wise? ,9
wisdom. ,9
prone ,9
calmed ,9
notices ,9
howard...writing ,9
telegrams...one ,9
signs ,9
unpunished? ,9
mumbled ,9
post-mortem ,9
tamely ,9
hanged. ,9
consulted ,9
absorbed ,9
absently. ,9
accused ,9
poirot: ,9
doctors. ,9
provisions. ,9
interposed ,9
all...or ,9
contents ,9
dangerous. ,9
know...my ,9
"quarrel, ",9
thought; ,9
attending ,9
worried. ,9
snort ,9
chut! ,9
emily...as ,9
instinct? ,9
shout ,9
fiddlesticks! ,9
"disappears, ",9
chance. ,9
distressed ,9
magnificent. ,9
"tonight, ",9
suit ,9
serious? ,9
heads. ,9
sugar ,9
whispering ,9
consequence ,9
contains ,9
harbour ,9
strongly...but ,9
crafty ,9
beggar. ,9
any. ,9
with...some ,9
forcibly ,9
suppressed ,9
minutes. ,9
"roof, ",9
replenished ,9
again. mr. ,9
herculean ,9
envy ,9
sought ,9
neck. ,9
advice ,9
tremor ,9
seizure' ,9
ahead ,9
seizure! ,9
acquiesced ,9
soul. ,9
study. ,9
information. ,9
afternoon...... ,9
scruff ,9
friday.' ,9
appeared. ,9
ashamed ,9
dash ,9
haul ,9
station ,9
takes ,9
"study, ",9
you...that ,9
retorted ,9
"contemptuously, ",9
ensued ,9
justified ,9
ashamed. ,9
"whether, ",9
feared ,9
pause ,9
ah...er...mr....er...inglethorp. ,9
course...and ,9
eyes? ,9
relieved ,9
pressed ,9
witnesses...all ,9
painful ,9
reproachful; ,9
heed! ,9
paid ,9
warning ,9
voluminous ,9
beauty! ,9
"confirmatory, ",9
"example, ",9
"audible, ",9
endeavouring ,9
extricate ,9
manner: ,9
guilt ,9
soothing ,9
mass ,9
purr ,9
veils ,9
enveloped ,9
pang ,9
"bitterly, ",9
occasion ,9
redness ,9
mouth. ,9
strictly ,9
yet? ,9
elucidating ,9
plenty ,9
"suggestive, ",9
"both, ",9
report. ,9
investigation ,9
lawyer's ,9
prison? ,9
seizure. ,9
"fool, ",9
"middle-age, ",9
coincidence ,9
private. ,9
mean...helping ,9
"eyelids, ",9
hired ,9
unchanged ,9
gruffness. ,9
wire. ,9
"toxicology, ",9
duty. ,9
begonias. ,9
quickest ,9
publicity ,9
breakfast's ,9
certificate. ,9
freshly ,9
evie. ,9
unavoidable ,9
suspiciously ,9
refuge ,9
"coincidence, ",9
manning's ,9
four...not ,9
scoundrel ,9
pooh! ,9
devotion ,9
feel. ,9
lukewarm...that ,9
ruffles ,9
"frock, ",9
energy...but ,9
soft ,9
confidentially: ,9
enigmatic. ,9
"composed, ",9
"graceful, ",9
keys. ,9
"precaution, ",9
glib-tongued ,9
wrists ,9
guarded ,9
three? ,9
understand...was ,9
offended ,9
personality ,9
sometimes. ,9
queer ,9
inscrutability. ,9
sphinx-like ,9
"bunch, ",9
desk. ,9
proud. ,9
that...but ,9
self-respect. ,9
"chose, ",9
falling ,9
signed ,9
lid ,9
milles ,9
bereaved ,9
"fear, ",9
stirring ,9
exclamations ,9
manning? ,9
hypocrisy. ,9
disgusting ,9
disjointedly. ,9
confident ,9
south ,9
that...pardon ,9
planting ,9
mechanically. ,9
contempt. ,9
knew. ,9
forced. ,9
willum ,9
atmosphere ,9
legacies ,9
signature? ,9
tonnerres! ,9
signed. ,9
dumfounded. ,9
i...who ,9
past. ,9
pocket! ,9
bicycle ,9
"willum, ",9
"begonias, ",9
exactly...she ,9
such-like...i ,9
en ,9
affaire! ,9
dominating ,9
august ,9
"retreat, ",9
suspect? ,9
etiquette. ,9
along. ,9
sharks...she ,9
after. ,9
safe ,9
other. ,9
event ,9
tete. ,9
inglethorp...and ,9
within ,9
de ,9
months...hey ,9
mal ,9
presto! ,9
inherit ,9
coincidence. ,9
how...a ,9
sugar? ,9
gruffly. ,9
precipitately. ,9
drily: ,9
eyeing ,9
disfavour. ,9
throat ,9
"war-time, ",9
hanging's ,9
criminal. ,9
"quartered, ",9
death! ,9
coincidence? ,9
will.' ,9
times. ,9
abandon ,9
unparalleled ,9
backed ,9
"honour, ",9
interpolated ,9
mademoiselle? ,9
year ,9
headache. ,9
frankly: ,9
whereupon ,9
object...... ,9
theatre ,9
pounds ,9
marked. ,9
languor ,9
heaviness ,9
tired ,9
"master, ",9
ticket.' ,9
forehead ,9
property ,9
haman! ,9
"her...yes, ",9
"better, ",9
enthusiastically. ,9
"mourning, ",9
wept. ,9
"blinked, ",9
gruffness ,9
word? ,9
footing. ,9
selfish ,9
"generous, ",9
revive ,9
return. ,9
"them...and, ",9
"mumble, ",9
spell ,9
think ...poirot ,9
often. ,9
loop-hole ,9
snapped ,9
expressively. ,9
snort. ,9
dumb ,9
conclude ,9
"handkerchief, ",9
dabbing ,9
brow. ,9
daren't ,9
who'll ,9
devil ,9
"done, ",9
forces ,9
just...the ,9
"policeman, ",9
"past, ",9
"sworn, ",9
styles? ,9
passing...the ,9
refuses...as ,9
satisfy ,9
sustained. ,9
"bargain, ",9
heartily. ,9
behalf ,9
ca! ,9
comme ,9
warrant: ,9
warrant ,9
scrutiny ,9
"far, ",9
yard's ,9
disadvantage ,9
depends ,9
"spot, ",9
tip ,9
hints. ,9
hinted ,9
contrary ,9
coroner...he ,9
shutter ,9
"mistakes, ",9
officialdom ,9
countenance. ,9
"haven't, ",9
"anxious, ",9
sarcastically. ,9
regarding ,9
comical ,9
perplexity. ,9
wink's ,9
nod...from ,9
spot...and ,9
"yard, ",9
marvel! ,9
has. ,9
grin ,9
disprove. ,9
"anxiety, ",9
net ,9
free. ,9
silent. ,9
continued: ,9
wits ,9
"presumably, ",9
boldly ,9
purchases ,9
"name, ",9
employ ,9
waits ,9
"cognisant, ",9
directs ,9
prepares ,9
defence...no ,9
"alibi, ",9
necessarily ,9
bah! ,9
idiotic! ,9
"lunatic, ",9
suicide ,9
"hanged, ",9
so! ,9
"intangible, ",9
ends. ,9
defeated ,9
see; ,9
dieu! ,9
court; ,9
pig-headed ,9
policy ,9
imbecile. ,9
h'm! ,9
besides ,9
"imbecility, ",9
defend ,9
silence? ,9
thousand ,9
plausible ,9
manufactured...so ,9
stories! ,9
convincing ,9
stony ,9
denials! ,9
seventy! ,9
"detectives, ",9
innocence? ,9
before? ,9
"conclusive, ",9
examined...sifted. ,9
dried. ,9
"sceptical, ",9
conclusions...yes. ,9
moosier? ,9
sleeve. ,9
misinformed. ,9
untrue. ,9
absent ,9
testify ,9
haughtily. ,9
disagreement ,9
assurance ,9
staggered. ,9
can? ,9
simple. ,9
dimly ,9
lighted. ,9
height ,9
"build, ",9
dim ,9
"light, ",9
mistook ,9
true? ,9
accusation ...inglethorp ,9
continuing... they ,9
"were, ",9
appeal ,9
"might, ",9
improve ,9
introduce ,9
discussion ,9
denials ,9
futile ,9
really...i ,9
health. ,9
last? ,9
register ,9
signature ,9
inscribed. ,9
hand-writing ,9
handing ,9
mace's ,9
statement? ,9
imperturbably: ,9
16th? ,9
walking. ,9
impression. ,9
direction? ,9
graver. ,9
company ,9
anyone? ,9
walk? ,9
decline ,9
entering ,9
"careful, ",9
fidgeting ,9
nervously. ,9
imbecile ,9
nudged ,9
"gently, ",9
indicating ,9
superintendent ,9
rogue ,9
eluded ,9
clutches ,9
europe. ,9
nailed ,9
antwerp...thanks ,9
friendly ,9
reminiscences ,9
"nearer, ",9
detective-inspector ,9
"turn, ",9
summerhaye. ,9
baron' ,9
gravely: ,9
differ ,9
come! ,9
red-handed. ,9
beats ,9
"fire, ",9
jocularly. ,9
moosier ,9
before...and ,9
judgment ,9
his. ,9
altara? ,9
brussels. ,9
"sharp, ",9
"staring, ",9
ferret-faced ,9
fair. ,9
questioned ,9
mutely. ,9
ear. ,9
james ,9
yard...jimmy ,9
"quickly, ",9
intently. ,9
policeman ,9
personages. ,9
given: ,9
case...you ,9
unknown. ,9
"arms, ",9
gentle ,9
pressure ,9
"emerged, ",9
shorter ,9
inspector. ,9
1904,9
together...the ,9
abercrombie ,9
forgery ,9
still...i ,9
see... ,9
began. ,9
subterfuge. ,9
twist ,9
"moustache, ",9
imaginary ,9
"sleeve, ",9
motioned ,9
precede ,9
stairs; ,9
shock...especially ,9
"verdict, ",9
conferred ,9
functionary ,9
requested ,9
boast ,9
"personally, ",9
sanguine. ,9
"innocence, ",9
require ,9
"proofs, ",9
supply. ,9
closed. ,9
politely ,9
cynosure ,9
"dream, ",9
reality. ,9
things...now ,9
ferocious ,9
"hat, ",9
perceived ,9
honest...almost ,9
truth? ,9
grant ,9
both......! ,9
shock. ,9
downright ,9
straightforward ,9
sincerity. ,9
sagacity...except ,9
occasions ,9
pig-headed. ,9
essentially ,9
uncomfortably ,9
"ears, ",9
fathom. ,9
untruthful ,9
"sound, ",9
door; ,9
"building, ",9
fall. ,9
young. ,9
sleeps ,9
soundly. ,9
indeed! ,9
one! ,9
actors ,9
drama. ,9
daily ,9
caution ,9
"directly, ",9
soit! ,9
house...the ,9
sadly. ,9
terrible. ,9
"pointedly, ",9
be...for ,9
"effort, ",9
danger. ,9
menacingly. ,9
fidgeted. ,9
approached ,9
name. ,9
hovering ,9
summerhaye's ,9
"groan, ",9
no; ,9
unfavourable ,9
gasp ,9
circle ,9
speaking. ,9
narrowly... that ,9
starting ,9
i...poison ,9
addressing ,9
"unconsciously, ",9
"england, ",9
glib ,9
blazon ,9
headlines: ,9
wealthy ,9
snap-shots ,9
inquest ...the ,9
photographer ,9
distant ,9
idle! ,9
"farm, ",9
"people, ",9
charge ,9
abbey ,9
himself...i ,9
proceedings. ,9
initiative. ,9
produce ,9
bowing ,9
"lecture, ",9
farm. ,9
escorting ,9
"object, ",9
affirm ,9
messieurs! ,9
concerns ,9
cite ,9
reservation ,9
me...hercule ,9
"most, ",9
throwing ,9
"instance, ",9
predisposed ,9
guilt. ,9
foregone ,9
conclusion ,9
suspected; ,9
proof...such ,9
actual ,9
difficult. ,9
fascinated ,9
eloquence. ,9
indeed? ,9
calming ,9
gravity ,9
discreditable ,9
"scoundrel, ",9
"conceal, ",9
"mused, ",9
won ,9
retaining ,9
obvious ,9
sometime ,9
ago...and ,9
reproachfully. ,9
divert ,9
criminal? ,9
appearance. ,9
second? ,9
"innocent, ",9
"pardon, ",9
wearing ,9
noticeable ,9
clothes. ,9
"distance, ",9
"since, ",9
"fortnight, ",9
principally ,9
stress ,9
upon? ,9
quoted. ,9
salient ,9
actor...... ,9
ruthlessly. ,9
friend: ,9
successfully ,9
"daylight, ",9
actor ,9
"genius, ",9
initial ,9
facial ,9
resemblance. ,9
eyes...those ,9
apologetically. ,9
sympathique. ,9
me...you ,9
morning? ,9
inconceivable ,9
shielding ,9
looks ,9
like. ,9
queer. ,9
"certain, ",9
conversation' ,9
stooping ,9
eavesdrop! ,9
shown ,9
insistence ,9
fact. ,9
"confusing, ",9
"insomnia, ",9
"explanation, ",9
covers ,9
"everything, ",9
faults ,9
evidence? ,9
inquired ,9
satirically. ,9
truth...look ,9
out! ,9
one...at ,9
attitude? ,9
food ,9
"doubtfully, ",9
layman ,9
fate ,9
fright ,9
harm. ,9
"intently, ",9
expected. ,9
flew ,9
hedged: ,9
instance? ,9
accidentally ,9
"taking, ",9
strange...hein? ,9
make. ,9
puts ,9
layman. ,9
odd. ,9
behaviour ,9
peculiar. ,9
uphold ,9
strenuously ,9
causes. ,9
technical ,9
"knowledge, ",9
unimaginative. ,9
lawrence...no! ,9
"sheepdog, ",9
outdoor ,9
calmness: ,9
impassive. ,9
returns ,9
becomes ,9
"theories, ",9
shaken ,9
stupid ,9
mistake! ,9
occur. ,9
responsibility ,9
"placidly, ",9
divided ,9
amusement. ,9
tremendously ,9
"thoughts, ",9
gently. ,9
complete ,9
tears ,9
extravagantly ,9
loved...no. ,9
belgians...i ,9
debt. ,9
"interrupt, ",9
now...when ,9
unfailing ,9
dearest ,9
activity. ,9
supposing ,9
momentous. ,9
childish! ,9
greener. ,9
clutched ,9
whisper: ,9
isn't...it ,9
non-committal ,9
nature. ,9
"departed, ",9
nodding ,9
reflection. ,9
disorder...which ,9
motions ,9
"eyebrows, ",9
classified. ,9
"serious, ",9
yet...no. ,9
complicated! ,9
"me..., ",9
day! ,9
leg! ,9
thermometer ,9
registered ,9
degrees ,9
shade. ,9
riddle! ,9
glasses. ,9
closeted ,9
walks ,9
country. ,9
repeatedly ,9
liberality ,9
piquant ,9
baser ,9
mainspring ,9
judicious ,9
mixture ,9
both. ,9
obsession. ,9
error ,9
fixing ,9
quarrel. ,9
voices. ,9
twinge ,9
unshaken. ,9
mistress. ,9
friday ,9
required ,9
viewed ,9
identification. ,9
"questioned, ",9
awakening ,9
taken. ,9
"hush, ",9
"specialist, ",9
"disgust, ",9
liberal ,9
resented ,9
chap? ,9
driving ,9
inquiries ,9
farm; ,9
cottage ,9
"fields, ",9
farm ,9
aged ,9
"rustic, ",9
cunningly. ,9
you'm ,9
bain't ,9
talks? ,9
mister. ,9
belgies ,9
"ay, ",9
more'n ,9
too.friend ,9
"yours, ",9
hall...you'n ,9
lot! ,9
jocosely ,9
often? ,9
carelessly ,9
winked ,9
exactly...of ,9
cautiously... that ,9
toxicology. ,9
say... ,9
imagination. ,9
imagination ,9
"servant, ",9
master. ,9
simplest ,9
point...how ,9
wrenched ,9
flimsy ,9
key-ring. ,9
bunch; ,9
hypothesis ,9
original ,9
naturally. ,9
establish ,9
shot!' ,9
chosen ,9
leaves ,9
possibilities: ,9
absence. ,9
reason? ,9
"discreditable, ",9
scoundrel...but ,9
necessity ,9
murderer. ,9
unconvinced. ,9
rein ,9
erroneous. ,9
admitting. ,9
circumstance. ,9
edge ,9
"blotting-paper, ",9
spare ,9
s' ,9
two...correctly. ,9
"sentence, ",9
thus: ,9
possessed.' ,9
will...(a ,9
word)...occurred ,9
confirmed ,9
"confusion, ",9
"ingenious, ",9
traces ,9
earth. ,9
deposit. ,9
begonia ,9
planted. ,9
similar ,9
gardeners...for ,9
footprints ,9
bed...had ,9
probability ,9
signature. ,9
"agree, ",9
aspects ,9
inside? ,9
mingling ,9
pot. ,9
vanished. ,9
commanded ,9
street. ,9
blew ,9
pleasant. ,9
weedy ,9
rushing ,9
street ,9
pace. ,9
extraordinary...a ,9
terror ,9
matches ,9
agitation. ,9
tiens! ,9
halt ,9
hesitating ,9
pounded ,9
vigorously ,9
motioning ,9
"once. oh, ",9
"inconvenience, ",9
moistened ,9
dry ,9
china ,9
stowed ,9
logically. ,9
room...a ,9
bolted...our ,9
that...yet ,9
destruction ,9
far? ,9
clearness. ,9
"encouraged, ",9
miraculous ,9
"means, ",9
follows ,9
strengthens ,9
she? ,9
unusual ,9
smoked. ,9
part...she ,9
herself? ,9
opinion? ,9
"feature, ",9
incredible ,9
reticent ,9
"degree, ",9
interfere ,9
groan ,9
theory...let ,9
cigarettes ,9
authorities ,9
summed ,9
dog? ,9
"open, ",9
deposed ,9
"earl, ",9
under-gardener ,9
earl ,9
succeeded ,9
testified ,9
witnessing ,9
earlier. ,9
tell. ,9
fall? ,9
asleep. ,9
conscience ,9
observed. ,9
"murdoch, ",9
17th. ,9
facsimile: ,9
note: ,9
hachet? ,9
"affectionately, ",9
inglethorpe ,9
pikestaff ,9
shows ,9
of! ,9
faintly. ,9
tomfoolery ,9
"assistant, ",9
"hill, ",9
amy ,9
calm ,9
failed ,9
especially ,9
possibly. ,9
voices? ,9
"voices, ",9
cheek. ,9
conversations. ,9
stray ,9
phrase ,9
conversation? ,9
"reflect, ",9
something...i ,9
chose. ,9
what...about ,9
corresponds ,9
away? ,9
willingly ,9
torn ,9
"insinuations, ",9
"pieces, ",9
enough: ,9
comfortable ,9
book. ,9
"over, ",9
disparagingly. ,9
talk...talk...talk! ,9
agony ,9
transferred ,9
visibly ,9
frown. ,9
harm ,9
dog. ,9
inwardly ,9
sympathized. ,9
human ,9
endeavour ,9
please ,9
hall'...especially ,9
custom ,9
establishment. ,9
counter? ,9
customary ,9
purchasing ,9
book? ,9
produced; ,9
"censure, ",9
amidst ,9
"realize, ",9
"wondered, ",9
halter ,9
neck? ,9
purpose ,9
wilted ,9
indiscriminately ,9
apprehension: ,9
person? ,9
complied. ,9
sensation ,9
assistant. ,9
pale ,9
"questions, ",9
"pharmacist, ",9
formerly ,9
army. ,9
"completed, ",9
lately ,9
unauthorized ,9
monday? ,9
selling ,9
tuesday? ,9
16th. ,9
pin ,9
drop. ,9
"sitting, ",9
wooden. ,9
"slightly, ",9
damning ,9
remarkably ,9
astonishment ,9
sternly. ,9
paler ,9
hesitation ,9
shorn ,9
bench ,9
say ...the ,9
continuing... that ,9
detected ,9
solution ,9
"70,000, ",9
disguised ,9
strongly ,9
flavoured ,9
substance. ,9
applied ,9
cover ,9
action ,9
delayed. ,9
"smashed, ",9
analyzing ,9
contents. ,9
concluded ,9
corroborated ,9
points. ,9
"suicide, ",9
repudiated ,9
utterly. ,9
"deceased, ",9
suffered ,9
weak ,9
softly ,9
chuckle ,9
remaining ,9
administered? ,9
"technicalities, ",9
amounted ,9
judging ,9
three-quarters ,9
over. ,9
unlikely. ,9
domestic ,9
"purposes, ",9
restrictions ,9
sale. ,9
determine ,9
relate ,9
drinking ,9
tetanic ,9
convulsion. ,9
gasped ,9
alfred...alfred......' ,9
after-dinner ,9
"possibly, ",9
action. ,9
swallowed. ,9
retarded ,9
"conditions, ",9
presume ,9
"heart, ",9
enjoyed ,9
"health, ",9
locked...... ,9
substantially ,9
"heard, ",9
"upright, ",9
"low, ",9
composed ,9
"how, ",9
alarm ,9
4.30 ,9
"dressing, ",9
falling. ,9
listened. ,9
subsequent ,9
"abandoned, ",9
happenings. ,9
insolence ,9
adjusted ,9
ruffle ,9
lace ,9
"neck, ",9
spontaneously ,9
mind: ,9
gaining ,9
time! ,9
reading ,9
ringing ,9
dose ,9
disposition. ,9
period ,9
repetition ,9
may? ,9
deprecatingly ,9
briskly: ,9
arrive ,9
elucidation. ,9
containing ,9
interested. ,9
"drug, ",9
deceased ,9
suggests ,9
chronic ,9
dispelled ,9
suggestion? ,9
inadvertently ,9
overdose? ,9
"doses, ",9
resulted ,9
"coot's, ",9
cash ,9
instrumental ,9
supposition ,9
juryman ,9
error. ,9
dissimilar. ,9
installed ,9
scene ,9
spends ,9
rolleston. ,9
tadminster's ,9
"sister, ",9
rollestons ,9
conqueror...one ,9
oldest ,9
families. ,9
excused ,9
plea ,9
engagement ,9
"luncheon, ",9
detained ,9
"porter, ",9
vouch ,9
overall. ,9
"sanctum, ",9
"dispenser, ",9
awe-inspiring ,9
"individual, ",9
cheerily ,9
nibs'. ,9
bottles! ,9
travelled ,9
invitation ,9
"12.30, ",9
mood ,9
time; ,9
"entertainment, ",9
"charity, ",9
recite ,9
"poem, ",9
decorating ,9
restless. ,9
challenged ,9
tennis. ,9
quarter ,9
scramble ,9
entertainment ,9
briskest ,9
"success, ",9
recitation ,9
receiving ,9
tremendous ,9
applause. ,9
tableaux ,9
"party, ",9
acting ,9
tableaux. ,9
overtired; ,9
"original, ",9
groaned ,9
bestowing ,9
dreaded ,9
remark: ,9
severity ,9
judge. ,9
sorry. ,9
forgot. ,9
rules ,9
nurse's ,9
likelihood ,9
hardihood ,9
retail ,9
sister'. ,9
proffered ,9
"tomorrow, ",9
tonight? ,9
"graciously, ",9
"busy, ",9
"withdrew, ",9
promptly ,9
jar ,9
"shelf, ",9
refilled ,9
"bottle, ",9
"nibs, ",9
scared ,9
prize ,9
let's ,9
individual ,9
say: ,9
bottles!' ,9
is: ,9
poisoned?' ,9
pleaded ,9
laugh. ,9
fatally ,9
easy ,9
joke ,9
sorts ,9
tone. ,9
stories ,9
lawrence...that's ,9
cupboard...that's ,9
cheery ,9
assisted ,9
wash ,9
tea-spoon ,9
countenances ,9
nibs ,9
forbidding ,9
turmoil. ,9
monday. ,9
attraction. ,9
drive ,9
devil...her ,9
husband! ,9
eager ,9
chorus ,9
protests ,9
good-byes. ,9
inglethorps ,9
appear. ,9
detached ,9
"group, ",9
"sharply, ",9
"handle, ",9
distrusted ,9
staying ,9
"cure, ",9
breakdown. ,9
specialist; ,9
man...one ,9
experts ,9
"poisons, ",9
"mary's, ",9
irrepressible. ,9
watch ,9
throb ,9
"stroll, ",9
better. ,9
natural! ,9
lot!' ,9
extremely ,9
darling ,9
alfred'...'dearest ,9
alfred'...'wicked ,9
calumnies' ,9
lies'...'wicked ,9
woman'...to ,9
husband'! ,9
minute! ,9
longer ,9
persuasions ,9
"avail, ",9
trains. ,9
persuading ,9
honest. ,9
sharks...all ,9
impose ,9
"can, ",9
overwrought. ,9
forefinger. ,9
frowned ,9
rough ,9
expeditions ,9
reader ,9
removed...and ,9
rife ,9
sinister ,9
recurred ,9
unpleasantly. ,9
filled ,9
premonition ,9
evil. ,9
5th ,9
month. ,9
trial ,9
security. ,9
tedious ,9
cross-examinations. ,9
"middlingham, ",9
manufacturing ,9
town ,9
reconciled. ,9
ointment ,9
preference ,9
society ,9
"imagine, ",9
security ,9
indefinable ,9
"tongue, ",9
"ours, ",9
stauncher ,9
england ,9
"plantation, ",9
bordered ,9
estate. ,9
appreciatively. ,9
hardened. ,9
raikes. ,9
howard...... ,9
abruptness. ,9
chill ,9
frowning. ,9
foreboding ,9
brushed ,9
property. ,9
day...should ,9
"rights, ",9
decent ,9
wit's ,9
publishing ,9
bindings. ,9
impecunious ,9
discipline ,9
maintained? ,9
"behind, ",9
presented ,9
shattered ,9
"known, ",9
heartily ,9
"disliked, ",9
exclaimed ,9
jealously ,9
"undisturbed, ",9
pallor ,9
vary. ,9
protesting ,9
"spectacle, ",9
paradise ,9
mud. ,9
"doing, ",9
doctor? ,9
"plight, ",9
strolling ,9
to. ,9
"ruefully, ",9
rare ,9
species ,9
fern ,9
rudely ,9
endure! ,9
"footing, ",9
retired ,9
momentous ,9
overheard; ,9
"would, ",9
drawing-room ,9
unreality ,9
"agitated, ",9
constrained ,9
"attentions, ",9
placing ,9
immediately ,9
"lights, ",9
harmonious ,9
enjoy ,9
twilight? ,9
pour ,9
"trouble, ",9
still. ,9
fanned ,9
palm ,9
leaf. ,9
"hot, ",9
thunderstorm. ,9
inaccessible ,9
ignominiously ,9
"hoped, ",9
occupied. ,9
rattled ,9
"violently, ",9
effect. ,9
alarming ,9
interior ,9
mistress! ,9
us...that ,9
pitch ,9
feeble ,9
slept ,9
connecting ,9
indecision ,9
done? ,9
suppose. ,9
tough ,9
"job, ",9
maids ,9
baily ,9
we'll ,9
rooms? ,9
undone. ,9
solid ,9
character ,9
"never, ",9
pond. ,9
estate ,9
sun ,9
dried ,9
disreputable. ,9
carry ,9
dear? ,9
wide ,9
risen ,9
"untasted, ",9
spoilt ,9
agent ,9
accounts. ,9
awe-stricken ,9
servants' ,9
b. ,9
communication ,9
inglethorps' ,9
situated. ,9
collect ,9
unfortunately ,9
bed; ,9
"dressing-gown, ",9
gallery ,9
nowhere ,9
cheerfully ,9
nibs? ,9
bullet ,9
native ,9
land. ,9
gratitude. ,9
"feet, ",9
"inches, ",9
"egg, ",9
military. ,9
attire ,9
incredible. ,9
caused ,9
wound. ,9
countrypeople ,9
dandyfied ,9
limped ,9
"badly, ",9
celebrated ,9
police. ,9
flair ,9
achieved ,9
unravelling ,9
baffling ,9
inhabited ,9
refugees ,9
hospitality ,9
date. ,9
"stamps, ",9
compared ,9
astoundingly ,9
"respect, ",9
reserved. ,9
charm ,9
affection ,9
"constrained, ",9
gay ,9
chatted ,9
children. ,9
office. ,9
extended ,9
cannoned ,9
entering. ,9
"apologised, ",9
"exclamation, ",9
clasped ,9
kissed ,9
gaily. ,9
yours. ,9
charity ,9
inquiringly: ,9
"belgians, ",9
flourish ,9
"hypothesis, ",9
bitterness: ,9
clenched ,9
"banisters, ",9
nerve ,9
"encounter, ",9
overhearing ,9
dialogue. ,9
desperately ,9
herself: ,9
imagine. ,9
"replied, ",9
shield ,9
"she, ",9
with: ,9
awful ,9
row! ,9
row? ,9
last! ,9
door'. ,9
bust-up. ,9
"warnings, ",9
wisely ,9
"peace, ",9
disturbed. ,9
"fancy, ",9
entertaining ,9
"m'm, ",9
"unawares, ",9
recited ,9
exploits ,9
mood. ,9
flushed ,9
emily? ,9
catching ,9
"parlourmaid, ",9
"dining-room, ",9
diffidently: ,9
tired. ,9
racquet. ,9
dorcas...yes...no...not ,9
post-time. ,9
lighted ,9
directly ,9
goodness ,9
gracious! ,9
up? ,9
heel ,9
quick ,9
"agreeing, ",9
there.' ,9
farmer ,9
laugh; ,9
money! ,9
daughter ,9
schoolfellow ,9
rascally ,9
solicitor. ,9
"cropper, ",9
orphan ,9
penniless. ,9
"rescue, ",9
stout ,9
tweed ,9
"skirt, ",9
bending ,9
approach. ,9
wounded ,9
hero! ,9
"hearty, ",9
"painful, ",9
blue ,9
sunburnt ,9
pleasant-looking ,9
manly ,9
stentorian ,9
"tones, ",9
"mother's, ",9
protegee ,9
wife? ,9
idle ,9
"platform, ",9
piloted ,9
petrol ,9
activities. ,9
situated ,9
flat ,9
"country, ",9
"sun, ",9
appointed ,9
strayed ,9
drill ,9
she'll ,9
volunteers ,9
"week, ",9
lend ,9
farms. ,9
regularly ,9
land'. ,9
lunchtime. ,9
round...if ,9
weren't ,9
pick ,9
square ,9
match...these ,9
encased ,9
thoroughly ,9
power ,9
stillness ,9
"possessed, ",9
exquisitely ,9
civilised ,9
body...all ,9
memory. ,9
invitation. ,9
remarks ,9
heightened ,9
fascinating ,9
wonderful ,9
appreciative ,9
listener ,9
"stimulating, ",9
"described, ",9
hostess. ,9
brilliant ,9
conversationalist. ,9
floated ,9
hand: ,9
princess ,9
known; ,9
slumbering ,9
thick ,9
"cynic, ",9
boots. ,9
couched ,9
telegraphic ,9
style. ,9
weeds ,9
grow ,9
afire. ,9
em. ,9
press ,9
responded. ,9
where's ,9
light; ,9
today...inside ,9
cooped ,9
labourer ,9
worthy ,9
"hire', ",9
drawing ,9
sycamore. ,9
"chairs, ",9
"tall, ",9
outlined ,9
lanes. ,9
fields ,9
midst ,9
social ,9
spend ,9
again...after ,9
added. ,9
"sons, ",9
middle-age ,9
seventy ,9
"energetic, ",9
autocratic ,9
"personality, ",9
charitable ,9
"notoriety, ",9
yarn ,9
fondness ,9
bazaars ,9
bountiful. ,9
"country-place, ",9
"ascendancy, ",9
"dying, ",9
"lifetime, ",9
larger ,9
income; ,9
sons. ,9
inviting ,9
"boy, ",9
them; ,9
persist. ,9
case' ,9
subsided. ,9
world-wide ,9
notoriety ,9
attended ,9
"themselves, ",9
story. ,9
"trust, ",9
effectually ,9
sensational ,9
briefly ,9
forty-five ,9
invalided ,9
front; ,9
spending ,9
depressing ,9
month's ,9
sick ,9
leave. ,9
relations ,9
"friends, ",9
"senior, ",9
"step-mother, ",9
"younger, ",9
descended ,9
hundreds ,9
pretext ,9
"evie's, ",9
relationship. ,9
"outsider, ",9
patent ,9
leather ,9
weathers! ,9
cottoned ,9
secretary...you ,9
societies? ,9
thousands. ,9
fellow! ,9
useful ,9
feather ,9
"when, ",9
engaged! ,9
is! ,9
bare-faced ,9
hunting; ,9
are...she ,9
difficult! ,9
damnable! ,9
"nowhere, ",9
say......? ,9
youth. ,9
"allowance, ",9
profession ,9
literary ,9
ambitions; ,9
success. ,9
"barrister, ",9
settled ,9
congenial ,9
entertained ,9
shrewd ,9
increase ,9
enabled ,9
sport...old ,9
"plans, ",9
whip ,9
namely: ,9
strings. ,9
ruefully. ,9
bounder ,9
savagely. ,9
evie...you ,9
"factotum, ",9
trades! ,9
alfred? ,9
princess? ,9
"refusal, ",9
"nurse, ",9
murdoch? ,9
sins. ,9
bully ,9
them! ,9
"nursing, ",9
terrified ,9
sisters'. ,9
wonder. ,9
sisters ,9
are! ,9
"heaven, ",9
nicer. ,9
hundreds! ,9
notes ,9
reminded ,9
dependent ,9
"main, ",9
hostess ,9
seven. ,9
member's ,9
wife...she ,9
abbotsbury's ,9
obediently. ,9
sandwiches ,9
agrees ,9
uniform ,9
might. ,9
associate ,9
ignorance ,9
uncommon ,9
among ,9
countless ,9
unsuspected. ,9
gruesome ,9
conversation! ,9
goose ,9
fresh-looking ,9
plate ,9
vigour. ,9
"cap, ",9
admired ,9
loose ,9
"hair, ",9
smallness ,9
whiteness ,9
claim ,9
eyelashes ,9
beauty. ,9
daughter...does ,9
example ,9
"she,' ",9
entered. ,9
roaming ,9
"woods, ",9
five. ,9
disturbing ,9
occurred. ,9
deuce ,9
mess. ,9
evie's ,9
"mater, ",9
"and...oh, ",9
grimly ,9
visit. ,9
suit-case. ,9
"determined, ",9
defensive. ,9
"rate, ",9
grimly. ,9
hurry. ,9
sunk ,9
water ,9
duck's ,9
"emily, ",9
volunteered ,9
anticipation ,9
economy. ,9
building. ,9
household; ,9
wasted ,9
here...every ,9
saved ,9
sacks. ,9
"appreciation, ",9
"staircase, ",9
forked ,9
half-way ,9
wings ,9
tree ,9
"sunny, ",9
direction. ,9
emotion ,9
mastering ,9
"passed, ",9
singular ,9
contemplation ,9
affairs. ,9
enough; ,9
dreamed ,9
dawned ,9
suggested. ,9
fingertips ,9
crosbie ,9
tenderest ,9
"stage, ",9
strangely ,9
unctuous. ,9
wife: ,9
"dearest, ",9
damp. ,9
beamed ,9
fondly ,9
substituted ,9
demonstration ,9
infatuation ,9
impassivity ,9
woman! ,9
constraint ,9
veiled ,9
hostility ,9
settle ,9
company. ,9
"particular, ",9
pains ,9
"volubility, ",9
intervening ,9
feature. ,9
"pince-nez, ",9
flood ,9
"features, ",9
second. ,9
duchess...about ,9
school ,9
fete. ,9
reply: ,9
"thoughtful, ",9
dear. ,9
"wider, ",9
masterful ,9
cast ,9
deference ,9
gold-rimmed ,9
effusion. ,9
"alfred, ",9
"darling, ",9
hastings...my ,9
darling'. ,9
alien ,9
note. ,9
objecting ,9
longest ,9
blackest ,9
steady ,9
forthcoming ,9
lawyers. ,9
nonsense ,9
holmes ,9
belgium ,9
inflamed ,9
method. ,9
system ,9
based ,9
his...though ,9
progressed ,9
"dandy, ",9
lots ,9
"written, ",9
yard? ,9
chapter. ,9
crime...you'd ,9
"crimes, ",9
argued. ,9
hoodwink ,9
they'd ,9
"amused, ",9
mixed ,9
mightn't ,9
pack ,9
holmes? ,9
thing...scotland ,9
organizing ,9
soldiering ,9
referred ,9
dates. ,9
attentive ,9
varied. ,9
rooted ,9
dislike ,9
judgments ,9
shrewd. ,9
presently ,9
painstaking ,9
lloyd's. ,9
detective! ,9
over? ,9
altogether. ,9
choose ,9
consult ,9
inclination? ,9
depends. ,9
hobby? ,9
me...you're ,9
is...usually ,9
hankering ,9
passage. ,9
strained ,9
"solid, ",9
resisted ,9
comprehensive ,9
locking ,9
"admiration, ",9
shaped ,9
symmetry! ,9
crescent; ,9
diamonds...their ,9
rejoices ,9
spacing ,9
"plants, ",9
perfect. ,9
done; ,9
in...dorcas ,9
"bien, ",9
satisfaction ,9
equal ,9
line. ,9
agree? ,9
folded ,9
cap. ,9
model ,9
picture ,9
servant. ,9
delayed ,9
"parlourmaid...dorcas, ",9
"briskly, ",9
reproduction ,9
chance...there ,9
be...let ,9
"deftly, ",9
"fender, ",9
handling ,9
caution. ,9
"forceps, ",9
skill ,9
extracted ,9
fragment. ,9
it:... ,9
admission? ,9
notepaper. ,9
will! ,9
methodical ,9
everything. ,9
brain ,9
whirl. ,9
complication ,9
floor? ,9
obviously. ,9
gained ,9
attitude ,9
"suspicious, ",9
defences. ,9
repay ,9
yesterday...... ,9
tea-time ,9
o'clock...or ,9
angry ,9
"shut, ",9
lied ,9
"me,' ",9
did...but ,9
clothed ,9
fed ,9
bringing ,9
resuming ,9
disgrace ,9
name!' ,9
difference. ,9
deter ,9
me.' ,9
else's ,9
hall; ,9
tea...nothing ,9
eat...to ,9
dreadful...so ,9
"tone, ",9
"subside, ",9
chair. ,9
avenge ,9
mademoiselle. ,9
faithful ,9
attached ,9
answering ,9
approval. ,9
begin ,9
ought...... ,9
keenly. ,9
secrets. ,9
all...if ,9
"life, ",9
indignation ,9
"hope, ",9
"play, ",9
justice. ,9
amen ,9
fiercely. ,9
abide! ,9
ill ,9
he' ,9
darkened ,9
threshold. ,9
destroys. ,9
burns...and ,9
grate. ,9
trick ,9
chimney ,9
places; ,9
fell. ,9
smashed ,9
powder. ,9
"wearily, ",9
abstractedly ,9
fingering ,9
"ornaments, ",9
them...a ,9
grinding ,9
fragments ,9
or...which ,9
serious...because ,9
"bewildered, ",9
investigations. ,9
twirling ,9
selected ,9
"shining, ",9
"fitted, ",9
originally ,9
pocket. ,9
lamp...the ,9
crushed ,9
wash-stand. ,9
overlook ,9
rivet ,9
nimbly ,9
whipping ,9
forceps ,9
particle ,9
lamp ,9
fluid ,9
"saucepan, ",9
saucer ,9
unobservant ,9
having. ,9
"matches, ",9
delicately ,9
dipped ,9
"liquid, ",9
tasted ,9
gingerly. ,9
cocoa...with...i ,9
think...rum ,9
debris ,9
overturned. ,9
"reading-lamp, ",9
done...at ,9
crossing ,9
unless ...he ,9
wall... but ,9
"yesterday, ",9
housemaid ,9
removed ,9
hats ,9
once...but ,9
here ...i ,9
mantelpiece... that ,9
paralysed ,9
suggestive ...his ,9
sweeping ,9
"patch, ",9
splash ,9
grease; ,9
"dressing-table, ",9
pink. ,9
candlestick ,9
deduce? ,9
irritating ,9
urging ,9
faculties. ,9
included ,9
"six, ",9
writing-table. ,9
dramatic ,9
left-hand ,9
enumerate ,9
"stain, ",9
visible ,9
particularly. ,9
minutely...even ,9
smell ,9
drops ,9
"tube, ",9
notebook. ,9
"busily, ",9
interest. ,9
hastily. ,9
this...! ,9
powder; ,9
lock; ,9
stain ,9
perceptibly ,9
damp ,9
smells ,9
fabric...only ,9
thread ,9
recognizable. ,9
unimportant. ,9
shock.' ,9
"m'm,' ",9
m'm.' ,9
tentatively. ,9
old. ,9
lucky ,9
receptive ,9
surveying ,9
twinkling ,9
"coldly, ",9
"sentiment, ",9
feet. ,9
smaller ,9
corner? ,9
locked. ,9
cocoa...mark ,9
"several, ",9
uttering ,9
ejaculation ,9
pinch. ,9
slid ,9
filed ,9
remarking ,9
approvingly ,9
desk: ,9
"method, ",9
cocoa...contained ,9
everything! ,9
"estimation, ",9
"mantle, ",9
marvelled ,9
astonishing. ,9
awaited ,9
"impatience, ",9
opened. ,9
rightly ,9
"passage, ",9
grease? ,9
patch ,9
dorcas: ,9
"cape, ",9
poisoned. ,9
a...how ,9
it?...a ,9
coat? ,9
house? ,9
"giggle, ",9
creakingly ,9
pent-up ,9
forth. ,9
congratulate ,9
discovery? ,9
method' ,9
highest ,9
gaped ,9
worst ,9
la ,9
la! ,9
miserable ,9
cocoa! ,9
flippantly. ,9
"enjoyment, ",9
raising ,9
heaven ,9
mock ,9
"despair, ",9
increasing ,9
distracted ,9
"coldness, ",9
"find, ",9
packet ,9
tray! ,9
sobered ,9
slipping ,9
ne ,9
fachez ,9
pas! ,9
quaintly ,9
coffee-cups! ,9
theories ,9
praise ,9
dirty ,9
individual. ,9
rambled ,9
disconnectedly: ,9
"eh, ",9
yes ...his ,9
wandered ,9
room... this ,9
yield ,9
crumpled ,9
"plain, ",9
scrawled ,9
expound ,9
random. ,9
facsimile ,9
basket. ,9
recognise ,9
handwriting? ,9
say...but ,9
deranged? ,9
demoniacal ,9
possession? ,9
life? ,9
mankind. ,9
"apron, ",9
there: ,9
gentleman's ,9
addressed? ,9
"couldn't, ",9
careless ,9
girl. ,9
happens ,9
"left, ",9
"longer, ",9
admiring ,9
employed ,9
"war, ",9
"william, ",9
paper? ,9
new-fashioned ,9
breeches ,9
such-like. ,9
times! ,9
"least, ",9
"curiosity, ",9
duplicate? ,9
"powders, ",9
wash-stand ,9
drawer ,9
letters. ,9
up! ,9
strikes ,9
papers? ,9
words...and ,9
everything's ,9
changed.' ,9
me: ,9
it!' ,9
thanked ,9
"do,' ",9
hush ,9
could.' ,9
hand? ,9
pop ,9
"positive, ",9
wardrobe? ,9
sure? ,9
"chiffon, ",9
sir...not ,9
of. ,9
betray ,9
otherwise. ,9
remarked: ,9
didn't. ,9
positively? ,9
catalogue. ,9
box? ,9
tray. ,9
vegetables ,9
warmed ,9
night...whenever ,9
teaspoonful ,9
teaspoonfuls ,9
rum ,9
always? ,9
"curtains, ",9
gas ,9
"stove, ",9
"early, ",9
farther...servants' ,9
clean ,9
side? ,9
"side, ",9
quarter-past ,9
7.15 ,9
8,9
wing? ,9
unexpectedly: ,9
fresh. ,9
"hurry, ",9
maybe ,9
disappointment. ,9
racked ,9
label. ,9
creaking ,9
carefully: ,9
"bedtime, ",9
required. ,9
inglethorp.' ,9
odd! ,9
damped ,9
ardour ,9
remarking: ,9
simple.so ,9
intrigue ,9
"fine, ",9
caterers ,9
strapping ,9
labouring ,9
mingled ,9
ghoulish ,9
enjoyment ,9
briskness. ,9
addresses? ,9
"letters, ",9
"sir...oh, ",9
"ross's, ",9
noise. ,9
times; ,9
shutting ,9
night...or ,9
john: ,9
consent ,9
postmortem. ,9
necessary? ,9
spasm ,9
"absolutely, ",9
that......? ,9
certificate ,9
alternative ,9
propose ,9
tonight. ,9
unchanged. ,9
avoided...these ,9
formalities ,9
"necessary, ",9
distress ,9
yourselves. ,9
rooms. ,9
departed. ,9
broach ,9
chary ,9
horror ,9
spokesman ,9
decorous ,9
"optimist, ",9
fled ,9
earshot. ,9
poisoned! ,9
suspects ,9
"wall, ",9
pupils ,9
dilating ,9
wildly. ,9
no...not ,9
that...not ,9
breaking ,9
faint. ,9
inward ,9
leaning ,9
"bannisters, ",9
no...leave ,9
alone. ,9
others. ,9
obeyed ,9
voiced ,9
inexplicable. ,9
them? ,9
descending ,9
easygoing ,9
half-way. ,9
surmises ,9
intend ,9
determined ,9
"delay, ",9
allowed ,9
ransacking ,9
library ,9
description ,9
detours ,9
winding ,9
drive. ,9
"lodge, ",9
absence? ,9
discretion ,9
god! ,9
terrible! ,9
wife! ,9
we'd ,9
arouse ,9
news? ,9
self-sacrificing...such ,9
noble ,9
over-taxed ,9
strength. ,9
wronging ,9
scandal. ,9
convince ,9
rubbish! ,9
soundness ,9
plan. ,9
"conventional, ",9
lead. ,9
detective. ,9
in...to ,9
investigate ,9
what...now? ,9
post-mortem? ,9
if...if...there ,9
angrily. ,9
prefer ,9
bauerstein's! ,9
"specialists, ",9
bee ,9
bonnet. ,9
"hobby, ",9
sees ,9
everywhere. ,9
attitude. ,9
seldom ,9
free ,9
so...peculiar? ,9
flock ,9
consummate ,9
sudden...stupid ,9
wall. ,9
flickering ,9
"grate, ",9
prim ,9
ornaments ,9
harmless ,9
attack ,9
passing. ,9
gasps. ,9
now...very ,9
me...to ,9
"emotion, ",9
supporting ,9
dazed ,9
"flushed, ",9
repeatedly. ,9
"frightened, ",9
land ,9
smock. ,9
streak ,9
daylight ,9
showing ,9
fixedly ,9
kindred ,9
mantelpiece ,9
lit ,9
"efforts, ",9
"weight, ",9
resounding ,9
"crash, ",9
stumbled ,9
"convulsions, ",9
overturned ,9
"entered, ",9
limbs ,9
"relaxed, ",9
gas. ,9
"terror, ",9
"housemaids, ",9
unbolted ,9
corridor. ,9
suggest ,9
"services, ",9
frozen ,9
ghastly ,9
"chalk, ",9
sputtering ,9
onto ,9
curtains ,9
access ,9
"deduction, ",9
great. ,9
fussy ,9
bustling ,9
"could, ",9
much...far ,9
much...against ,9
strong. ,9
"easy,' ",9
take...it...easy'. ,9
no...her ,9
zeal ,9
rebelled. ,9
"outside, ",9
nature...rebelled. ,9
narrowly. ,9
"violence, ",9
quite...tetanic ,9
wisely. ,9
"private, ",9
object? ,9
"corridor, ",9
"alone, ",9
talent ,9
"portly, ",9
footsteps ,9
unfortunate ,9
doctor: ,9
behold. ,9
thronged ,9
alleviate. ,9
convulsion ,9
"heels, ",9
administer ,9
flew. ,9
pushed ,9
authoritatively ,9
"instant, ",9
alfred...alfred...... ,9
hope. ,9
motionless ,9
"stride, ",9
"energetically, ",9
applying ,9
artificial ,9
respiration. ,9
issued ,9
orders ,9
imperious ,9
"late, ",9
revulsion ,9
hypocrite ,9
unbolting ,9
extent. ,9
served? ,9
drank ,9
eight...certainly ,9
effects ,9
morning: ,9
nine ,9
hours! ,9
"meal, ",9
retard ,9
"effects, ",9
according ,9
contention ,9
develop ,9
morning! ,9
arise ,9
autopsy ,9
"meantime, ",9
neared ,9
weary ,9
haggard. ,9
publicity? ,9
comprehend ,9
presumably ,9
reached. ,9
upon. ,9
great? ,9
dew. ,9
"family, ",9
plunged ,9
"sorrow, ",9
keenly ,9
reddened ,9
prolonged ,9
gaze. ,9
grief? ,9
sorrow ,9
emotional ,9
"you...though, ",9
gift ,9
commanding ,9
"distress, ",9
passionately ,9
regretted. ,9
tie. ,9
"cavendishes, ",9
tells...always ,9
that...blood ,9
tells. ,9
far. ,9
only. ,9
expanse ,9
comfort. ,9
army ,9
room! ,9
foot-marks ,9
aid ,9
ill-advised ,9
proceeding; ,9
"loose, ",9
tilted ,9
precipitated ,9
table! ,9
"moralizing, ",9
foot-marks. ,9
"writing-table, ",9
inspect. ,9
"peculiar, ",9
however. ,9
yale ,9
"type, ",9
"next, ",9
assuring ,9
shot. ,9
stated. ,9
foot-marks? ,9
obliterating ,9
"cigarette-case, ",9
principal ,9
lighting ,9
cigarette ,9
back? ,9
adjacent ,9
retrieved ,9
neatly. ,9
exist ,9
understanding ,9
portent ,9
advisable. ,9
articles ,9
pig? ,9
furniture ,9
inspection ,9
darted ,9
agility ,9
grasshopper. ,9
fearing ,9
obliterate ,9
forbearance. ,9
like...how ,9
"it?...ah, ",9
glittering ,9
sorrowfully ,9
was! ,9
side; ,9
excited...it ,9
"presently, ",9
"calmer, ",9
arrange ,9
"facts, ",9
"neatly, ",9
proper ,9
examine...and ,9
reject. ,9
importance ,9
"importance, ",9
confused? ,9
pouf! ...he ,9
screwed ,9
cherub-like ,9
puffed ,9
comically ,9
enough... blow ,9
away! ,9
"objected, ",9
"important, ",9
isn't? ,9
agitated; ,9
forgotten. ,9
voyons! ,9
related ,9
hurry ,9
whither ,9
bound. ,9
"answer, ",9
summons ,9
"opened, ",9
"occurred, ",9
"wait, ",9
recount ,9
unbarred ,9
omitting ,9
wish. ,9
"insignificant, ",9
deliberate ,9
toilet. ,9
"awakening, ",9
husband's ,9
"absence, ",9
mother-in-law ,9
"overheard, ",9
latter's ,9
innuendoes. ,9
exquisite ,9
leads ,9
gazed ,9
"upset, ",9
faithfully. ,9
order ,9
"nothing...truly, ",9
deplorable! ,9
allowances...you ,9
attribute ,9
omitted ,9
paramount ,9
wholly ,9
engrossed ,9
appetite ,9
relevant ,9
ready. ,9
proceed ,9
"chateau, ",9
study ,9
spot. ,9
"haste, ",9
deft ,9
rearranged ,9
ca-y-est! ,9
start? ,9
"memory, ",9
details ,9
another...so ,9
"tally, ",9
continue. ,9
merveille! ,9
good! ,9
fact...no! ,9
curious! ,9
missing...a ,9
link ,9
chain ,9
examine. ,9
paltry ,9
here! ,9
matters. ,9
significant! ,9
tremendous! ,9
y...es... ,9
forefinger ,9
quailed ,9
beware! ,9
peril ,9
small...it ,9
it.' ,9
confusion! ,9
alibi! ,9
